drop database if exists online_shop_test;
create database online_shop_test;
use online_shop_test;

DROP TABLE IF EXISTS `operation_list`;
CREATE TABLE `operation_list` (
  `id` bigint(20) unsigned NOT NULL AUTO_INCREMENT,
  `product_id` bigint(20) unsigned NOT NULL,
  `operation_type` bigint(20) unsigned NOT NULL,
  `creared_at` datetime DEFAULT current_timestamp(),
  PRIMARY KEY (`id`),
  KEY `product_id` (`product_id`),
  KEY `operation_type` (`operation_type`),
  CONSTRAINT `operation_list_ibfk_1` FOREIGN KEY (`product_id`) REFERENCES `products` (`id`),
  CONSTRAINT `operation_list_ibfk_2` FOREIGN KEY (`operation_type`) REFERENCES `operation_types` (`id`)
) ENGINE=InnoDB AUTO_INCREMENT=101 DEFAULT CHARSET=utf8 COLLATE=utf8_unicode_ci;

INSERT INTO `operation_list` VALUES ('1','28','44','2003-11-05 10:07:31'),
('2','100','35','2010-01-12 01:46:11'),
('3','24','70','1988-01-15 09:12:02'),
('4','84','69','1998-03-26 03:51:11'),
('5','81','68','2017-10-19 19:08:06'),
('6','55','95','1985-07-14 10:48:03'),
('7','64','30','1982-11-02 05:48:14'),
('8','75','89','1976-11-20 14:25:09'),
('9','66','69','2011-11-19 19:18:09'),
('10','51','69','2004-01-02 22:31:50'),
('11','31','2','2002-06-11 01:41:40'),
('12','73','77','2005-03-15 14:11:04'),
('13','98','38','1984-01-15 10:05:30'),
('14','53','21','2003-07-24 20:09:33'),
('15','36','95','2017-05-10 01:25:52'),
('16','27','64','2007-07-29 03:10:40'),
('17','38','26','2003-12-15 02:25:03'),
('18','98','62','1995-05-07 04:03:06'),
('19','96','81','1990-03-12 11:17:15'),
('20','31','77','2004-12-31 23:52:27'),
('21','49','85','1980-03-06 21:08:48'),
('22','72','12','1982-06-29 05:48:44'),
('23','15','46','1996-02-14 09:53:16'),
('24','1','80','1981-04-14 04:04:51'),
('25','14','52','1998-12-17 01:32:07'),
('26','48','45','1970-01-15 09:48:33'),
('27','53','21','2019-02-22 02:34:23'),
('28','21','51','2010-09-12 12:43:40'),
('29','58','74','1999-04-14 08:35:34'),
('30','71','94','1976-09-17 20:40:36'),
('31','68','97','2007-04-24 06:13:21'),
('32','57','6','2019-09-01 07:07:43'),
('33','23','54','2016-11-19 20:22:49'),
('34','68','19','1997-12-19 01:50:21'),
('35','35','98','1996-01-25 12:15:28'),
('36','96','83','1975-10-23 07:50:02'),
('37','83','67','1996-09-01 03:46:58'),
('38','94','97','1985-05-16 23:50:19'),
('39','13','94','2001-05-21 20:52:40'),
('40','77','27','1993-12-19 11:18:03'),
('41','46','24','1975-02-20 11:48:37'),
('42','71','99','2011-12-03 10:27:06'),
('43','45','92','2008-04-21 23:03:56'),
('44','49','3','1987-02-21 16:43:13'),
('45','65','19','1995-04-20 21:41:07'),
('46','96','33','1975-12-02 12:28:53'),
('47','16','52','2013-09-27 00:47:20'),
('48','39','39','1993-05-24 17:01:45'),
('49','5','6','2018-08-03 01:17:16'),
('50','57','39','2013-09-07 01:51:42'),
('51','4','52','1988-01-16 11:03:07'),
('52','22','86','2009-02-17 18:44:13'),
('53','19','15','1976-02-01 00:45:35'),
('54','83','31','2017-11-26 14:19:15'),
('55','9','59','2003-10-03 03:24:00'),
('56','57','54','1973-01-08 01:38:57'),
('57','83','28','1991-02-12 07:52:08'),
('58','52','27','2004-03-07 23:57:47'),
('59','19','1','2000-08-24 12:23:36'),
('60','29','84','2002-06-07 01:55:18'),
('61','19','25','1988-09-07 23:51:19'),
('62','17','35','1998-05-04 19:55:08'),
('63','76','55','2001-09-26 12:56:14'),
('64','73','81','1973-04-24 08:12:09'),
('65','61','30','1994-08-09 13:50:34'),
('66','20','64','1985-01-14 15:37:17'),
('67','81','41','1978-04-27 16:17:11'),
('68','50','100','2004-01-06 00:10:22'),
('69','56','32','2018-08-07 19:25:18'),
('70','30','65','1997-06-29 12:09:14'),
('71','90','87','1999-07-13 16:51:10'),
('72','18','73','1987-08-25 23:56:18'),
('73','14','70','1978-05-30 09:05:48'),
('74','99','33','1990-08-06 12:46:50'),
('75','70','28','2001-02-18 03:52:41'),
('76','16','89','2007-04-14 08:50:56'),
('77','52','33','1991-04-25 03:54:00'),
('78','24','27','1992-08-10 08:39:28'),
('79','87','96','1992-12-06 19:09:54'),
('80','8','48','1991-06-15 05:59:36'),
('81','26','27','2014-07-31 14:54:56'),
('82','11','6','1980-04-12 05:37:33'),
('83','67','61','2005-11-03 10:51:39'),
('84','6','23','2002-12-11 17:23:41'),
('85','92','35','1989-06-27 20:36:00'),
('86','87','82','1994-04-26 01:54:05'),
('87','21','5','2015-06-29 09:51:26'),
('88','54','35','1994-08-11 13:17:55'),
('89','74','53','1985-09-26 09:48:29'),
('90','67','44','1979-09-04 10:16:59'),
('91','81','83','2006-04-29 11:10:21'),
('92','33','32','1993-05-08 06:01:07'),
('93','15','57','1994-07-27 14:38:29'),
('94','59','2','1981-04-24 20:10:21'),
('95','52','66','1979-12-17 23:30:59'),
('96','49','77','1982-03-18 00:20:56'),
('97','92','60','1997-06-08 05:46:38'),
('98','83','59','1980-03-03 13:09:36'),
('99','21','88','2012-06-27 00:52:10'),
('100','81','12','1985-03-22 04:11:42'); 


DROP TABLE IF EXISTS `city_list`;
CREATE TABLE `city_list` (
  `id` bigint(20) unsigned NOT NULL AUTO_INCREMENT,
  `name` varchar(100) COLLATE utf8_unicode_ci DEFAULT NULL,
  PRIMARY KEY (`id`)
) ENGINE=InnoDB AUTO_INCREMENT=101 DEFAULT CHARSET=utf8 COLLATE=utf8_unicode_ci;

INSERT INTO `city_list` VALUES ('1','aut'),
('2','quia'),
('3','id'),
('4','at'),
('5','saepe'),
('6','et'),
('7','incidunt'),
('8','eius'),
('9','ipsam'),
('10','recusandae'),
('11','deserunt'),
('12','commodi'),
('13','omnis'),
('14','ducimus'),
('15','non'),
('16','fugiat'),
('17','magnam'),
('18','distinctio'),
('19','earum'),
('20','ut'),
('21','architecto'),
('22','enim'),
('23','optio'),
('24','iure'),
('25','temporibus'),
('26','officia'),
('27','qui'),
('28','eum'),
('29','porro'),
('30','totam'),
('31','ipsa'),
('32','molestiae'),
('33','esse'),
('34','autem'),
('35','neque'),
('36','tenetur'),
('37','quae'),
('38','quaerat'),
('39','quis'),
('40','sed'),
('41','modi'),
('42','iste'),
('43','ea'),
('44','consequatur'),
('45','praesentium'),
('46','est'),
('47','nihil'),
('48','error'),
('49','harum'),
('50','suscipit'),
('51','velit'),
('52','eveniet'),
('53','iusto'),
('54','dicta'),
('55','sint'),
('56','rerum'),
('57','maxime'),
('58','eligendi'),
('59','asperiores'),
('60','sunt'),
('61','nisi'),
('62','voluptatem'),
('63','corporis'),
('64','necessitatibus'),
('65','reprehenderit'),
('66','doloremque'),
('67','inventore'),
('68','nemo'),
('69','debitis'),
('70','a'),
('71','dolorum'),
('72','ratione'),
('73','nesciunt'),
('74','sequi'),
('75','possimus'),
('76','rem'),
('77','exercitationem'),
('78','hic'),
('79','sapiente'),
('80','laboriosam'),
('81','explicabo'),
('82','voluptas'),
('83','tempora'),
('84','perspiciatis'),
('85','impedit'),
('86','numquam'),
('87','quos'),
('88','expedita'),
('89','laudantium'),
('90','eaque'),
('91','accusamus'),
('92','alias'),
('93','ab'),
('94','adipisci'),
('95','beatae'),
('96','veritatis'),
('97','quam'),
('98','cum'),
('99','blanditiis'),
('100','quidem'); 


DROP TABLE IF EXISTS `current_amount`;
CREATE TABLE `current_amount` (
  `product_id` bigint(20) unsigned NOT NULL,
  `warehouses_id` bigint(20) unsigned NOT NULL,
  `amount` int(11) DEFAULT NULL,
  PRIMARY KEY (`product_id`,`warehouses_id`),
  KEY `warehouses_id` (`warehouses_id`),
  CONSTRAINT `current_amount_ibfk_1` FOREIGN KEY (`product_id`) REFERENCES `products` (`id`),
  CONSTRAINT `current_amount_ibfk_2` FOREIGN KEY (`warehouses_id`) REFERENCES `warehouses` (`id`)
) ENGINE=InnoDB DEFAULT CHARSET=utf8 COLLATE=utf8_unicode_ci;

INSERT INTO `current_amount` VALUES ('1','32','7'),
('1','67','8'),
('2','29','386609632'),
('2','99','47464'),
('3','9','47518'),
('3','50','1'),
('4','51','8'),
('4','76','23373'),
('5','40','19'),
('5','90','21576'),
('6','32','764281'),
('6','36','16806'),
('7','22','10'),
('7','72','7'),
('8','21','9'),
('8','51','11'),
('9','6','117'),
('9','58','11'),
('10','3','68'),
('10','13','390568'),
('11','21','4'),
('11','69','115061'),
('12','10','9'),
('12','87','13015'),
('13','30','6944'),
('13','68','3'),
('14','64','903583'),
('14','77','2110'),
('15','3','25360170'),
('15','35','73'),
('16','33','650'),
('16','70','81165'),
('17','57','14'),
('17','77','8'),
('18','7','6'),
('18','96','5597'),
('19','12','7'),
('19','72','9'),
('20','71','385'),
('20','82','630463'),
('21','36','168105'),
('21','83','52098263'),
('22','4','1906'),
('22','80','92547'),
('23','32','205067'),
('23','88','6'),
('24','3','79026415'),
('24','93','95'),
('25','23','747'),
('25','91','7'),
('26','56','12103342'),
('26','90','1647891'),
('27','13','573221'),
('27','89','2'),
('28','40','14'),
('28','71','4'),
('29','28','17'),
('29','72','6382'),
('30','72','431'),
('30','97','45888'),
('31','71','407021'),
('31','85','2820006'),
('32','39','6'),
('32','60','46758642'),
('33','1','88'),
('33','95','1635821'),
('34','20','4'),
('34','94','1247'),
('35','10','3057997'),
('35','14','327032'),
('36','40','3472644'),
('36','85','6096920'),
('37','30','106076878'),
('37','51','10'),
('38','32','679244'),
('38','85','1436'),
('39','5','0'),
('39','91','142'),
('40','57','19319'),
('40','87','187'),
('41','34','2779498'),
('41','98','8'),
('42','25','977'),
('42','59','126'),
('43','67','788918'),
('43','73','236234198'),
('44','64','4'),
('44','66','48495191'),
('45','35','3'),
('45','88','7'),
('46','1','15966933'),
('46','76','15618978'),
('47','35','225893'),
('47','96','7'),
('48','11','9'),
('48','45','7'),
('49','7','4125055'),
('49','71','8077'),
('50','6','155680'),
('50','8','16437834'),
('51','15','11'),
('51','93','4711'),
('52','6','22'),
('52','90','6'),
('53','10','12794'),
('53','87','2162104'),
('54','47','635'),
('54','80','3827'),
('55','93','46891924'),
('55','99','433'),
('56','32','34131'),
('56','77','631585'),
('57','2','40'),
('57','70','30495425'),
('58','5','4814'),
('58','87','85516'),
('59','48','6465'),
('59','71','3748'),
('60','29','193965'),
('60','42','224665740'),
('61','2','4269'),
('61','59','155'),
('62','18','23'),
('62','56','96'),
('63','80','269199456'),
('63','88','41787'),
('64','59','617255864'),
('64','96','9'),
('65','38','20'),
('65','50','37'),
('66','93','30011'),
('66','98','212'),
('67','80','4587'),
('67','99','17671'),
('68','79','483170076'),
('68','89','130418142'),
('69','30','240904524'),
('69','78','738'),
('70','85','4'),
('70','89','397493230'),
('71','45','1793'),
('71','65','331'),
('72','64','10'),
('72','76','8'),
('73','9','94667'),
('73','48','4801256'),
('74','11','78748'),
('74','38','2938'),
('75','27','253'),
('75','41','461'),
('76','83','109197620'),
('76','97','280134331'),
('77','12','3051390'),
('77','13','188522'),
('78','22','368'),
('78','75','14913'),
('79','41','301'),
('79','94','7'),
('80','18','5486'),
('80','83','51373'),
('81','30','5'),
('81','81','2483096'),
('82','56','78'),
('82','86','20825497'),
('83','8','2978'),
('83','89','37239339'),
('84','16','12271'),
('84','90','249762'),
('85','2','6356022'),
('85','65','6487286'),
('86','1','3526'),
('86','87','16207'),
('87','21','2891215'),
('87','93','120'),
('88','3','33960381'),
('88','35','76173'),
('89','5','94'),
('89','73','205469'),
('90','40','2491'),
('90','92','452766692'),
('91','32','17'),
('91','76','3307236'),
('92','7','43850352'),
('92','32','377'),
('93','48','40'),
('93','58','396141827'),
('94','20','8'),
('94','56','30420835'),
('95','3','2'),
('95','90','6'),
('96','96','6868'),
('96','97','2308'),
('97','17','5'),
('97','49','500'),
('98','83','28258'),
('98','89','110'),
('99','75','48'),
('99','84','153621393'),
('100','27','43173'),
('100','46','69950845'); 


DROP TABLE IF EXISTS `delivery_types`;
CREATE TABLE `delivery_types` (
  `id` bigint(20) unsigned NOT NULL AUTO_INCREMENT,
  `delivery_name` varchar(100) COLLATE utf8_unicode_ci DEFAULT NULL,
  `delivery_terms` varchar(300) COLLATE utf8_unicode_ci DEFAULT NULL,
  `company_name` varchar(100) COLLATE utf8_unicode_ci DEFAULT NULL,
  `price` int(11) DEFAULT NULL,
  PRIMARY KEY (`id`)
) ENGINE=InnoDB AUTO_INCREMENT=101 DEFAULT CHARSET=utf8 COLLATE=utf8_unicode_ci;

INSERT INTO `delivery_types` VALUES ('1','in','Non impedit et quos praesentium.','Willms, Pfeffer and Collins','3756'),
('2','aspernatur','Qui eveniet assumenda quia minima vero suscipit.','Mueller-Metz','2315'),
('3','atque','Voluptatem dicta eum sit quaerat debitis eos.','Carroll PLC','2723'),
('4','dolor','Quisquam quia officiis voluptatibus aliquam necessitatibus.','Harvey-Fisher','6802'),
('5','quae','Sit sint dolor impedit possimus.','Strosin, Nitzsche and Jacobi','2228'),
('6','optio','Cumque autem sint recusandae autem nemo aspernatur reiciendis.','Gutkowski LLC','7633'),
('7','laboriosam','Dolores ipsum et quidem alias necessitatibus alias aut.','Williamson, Hoppe and Toy','5328'),
('8','fugiat','Doloremque sit magnam nemo ut laudantium mollitia eos.','Strosin-Feest','9542'),
('9','dicta','Aliquam architecto odio autem quis.','Nader Ltd','7149'),
('10','sit','Necessitatibus excepturi quia fugiat ipsa eum a quia alias.','Sanford Ltd','8323'),
('11','mollitia','Rerum asperiores tenetur laboriosam earum officia.','Abernathy-Morissette','4395'),
('12','atque','Et libero adipisci omnis.','Hauck, Orn and Pfeffer','7140'),
('13','consequatur','Sapiente aut et neque ut sequi.','Frami, Bauch and Gulgowski','6202'),
('14','id','Perferendis ab in debitis voluptas sed.','Zemlak-Leannon','5261'),
('15','quaerat','Ipsam aperiam rerum rem quos nostrum reiciendis.','Sawayn, Simonis and Beier','4846'),
('16','porro','Atque minus quaerat distinctio fugiat aut ullam.','Mohr, Eichmann and Keebler','7627'),
('17','officia','Rem et enim eligendi officiis libero.','Hansen, Heidenreich and Stehr','7467'),
('18','quidem','Odio sit ex et officiis ut blanditiis enim.','Adams LLC','2309'),
('19','ut','Nulla omnis harum debitis architecto earum.','Rutherford, Glover and Kuvalis','4291'),
('20','aut','Harum officiis aut est sed aut autem.','Shields-Wuckert','6347'),
('21','iure','Rerum tempore placeat harum rem nam.','Pfannerstill-Roberts','8322'),
('22','debitis','Ut ut itaque ut corrupti eos temporibus maxime temporibus.','Crist-Gleason','4162'),
('23','ab','Minus eveniet quam molestiae quia distinctio quo.','Conn, Waters and Volkman','6921'),
('24','odit','Sint voluptas necessitatibus tempora expedita tenetur.','Cormier-Gutmann','9171'),
('25','et','Consectetur sint error aliquam magnam.','Stehr, Beahan and Mertz','4073'),
('26','et','Id quia molestiae dolor voluptas pariatur dignissimos recusandae.','Yost Inc','6309'),
('27','ut','Aut voluptas non qui quia.','Bartell-Nader','9129'),
('28','sint','Architecto quidem a aliquid.','Hamill-Kirlin','8027'),
('29','vitae','Corporis distinctio quidem sunt quos aliquam rerum veritatis.','Gorczany Ltd','8885'),
('30','aut','Molestias eos a sapiente id.','McLaughlin-Wiza','5424'),
('31','ad','Assumenda doloremque aspernatur eum quam officia architecto consequatur.','Medhurst-Hartmann','865'),
('32','et','In modi rerum et at et.','Schumm, Blanda and Kuhn','1767'),
('33','ut','Earum sit sed hic.','Block, Mante and Champlin','2590'),
('34','et','Distinctio nostrum est nisi alias eveniet pariatur facilis.','Streich-Leffler','4567'),
('35','error','Voluptatum temporibus harum doloribus cumque consequatur et sapiente.','Dickinson and Sons','1199'),
('36','culpa','At minus beatae cum.','Sporer-Wuckert','1168'),
('37','maxime','Reiciendis id sit eum accusantium nostrum id delectus.','Gerlach Inc','2347'),
('38','ipsam','Quibusdam qui dolore laudantium numquam atque non.','Hand, Friesen and O\'Kon','5853'),
('39','dolor','Officia iusto aliquid excepturi sed sunt.','Prohaska-Grady','8540'),
('40','fugit','Nisi eius nisi est sed natus veniam suscipit.','Lockman-Russel','5085'),
('41','et','Repellendus et amet aut laboriosam quis.','Ledner and Sons','9165'),
('42','voluptatibus','Amet aut labore porro.','Kilback Inc','1631'),
('43','dolor','Nisi dolores in qui reprehenderit.','Braun-Upton','9023'),
('44','dolor','Et non explicabo quia ut numquam.','Dibbert-Prohaska','3759'),
('45','similique','Praesentium vel est sed et voluptatem.','Dietrich-Koelpin','8706'),
('46','aut','Dolor libero vel sint consectetur.','Stehr LLC','5525'),
('47','nostrum','Voluptatem consequatur exercitationem voluptatum dolores.','Krajcik, Bashirian and Walter','5776'),
('48','mollitia','Cupiditate eos quas nobis ut at est officia.','O\'Hara-Kiehn','1973'),
('49','molestiae','Accusamus enim sapiente voluptatem laborum.','Murphy-Bailey','2850'),
('50','quo','Id modi et maiores molestiae esse ut repellat laborum.','Hermiston, Lesch and Schroeder','4515'),
('51','dolores','Adipisci odit rerum nemo fugit qui at porro.','Bartoletti, Padberg and Schinner','7892'),
('52','suscipit','Nihil fugit quidem sed eum maxime.','Nicolas-Wilderman','9552'),
('53','et','Rerum aliquid quo rerum facere ipsam id.','O\'Keefe, Schoen and Mayert','3129'),
('54','reprehenderit','Dignissimos aliquam ut sed.','Kulas-Schuster','4299'),
('55','velit','Distinctio earum est odit maiores corporis distinctio.','Balistreri-Johnson','2685'),
('56','ipsum','Numquam et magni facere quidem cum cumque nulla beatae.','Windler Inc','9324'),
('57','magnam','Possimus minima rerum dicta architecto voluptatum.','Padberg PLC','2457'),
('58','distinctio','Nulla ut adipisci sit eveniet ut animi perspiciatis.','Bernier, Kiehn and Hilpert','8509'),
('59','ut','Magni tempore sapiente aperiam quod reprehenderit voluptate.','Cartwright LLC','8751'),
('60','consectetur','Esse iure quasi saepe id.','Kemmer-Schroeder','4994'),
('61','voluptatem','Adipisci est dolores blanditiis corrupti pariatur nam at.','Ondricka-Walter','6341'),
('62','nisi','Qui aut in aliquam a.','Walsh, Goldner and Cartwright','4535'),
('63','deserunt','Ea consequuntur earum vero sunt laboriosam laborum cumque.','Donnelly LLC','5669'),
('64','blanditiis','Rem velit corrupti nihil possimus vitae ad atque aperiam.','Bernhard, Jacobson and Kunze','6450'),
('65','sit','Doloremque nam quia est odit.','Greenholt Inc','6488'),
('66','veritatis','Aut hic et dolorum sit ea voluptas facilis.','Weber-Mann','8188'),
('67','corrupti','Eum totam dicta est asperiores labore.','Schultz and Sons','9656'),
('68','sed','Aspernatur velit reprehenderit et voluptatem exercitationem qui nulla nobis.','Rippin LLC','2310'),
('69','alias','Odit et quisquam quam perspiciatis et alias omnis qui.','Weissnat-McLaughlin','7035'),
('70','nesciunt','Nihil et repudiandae ea nisi.','Greenholt-Dach','1666'),
('71','et','Consequatur unde nam voluptatem molestiae.','Murphy, Collins and Swift','4484'),
('72','amet','Et amet et minus omnis ipsum vel fuga.','D\'Amore Inc','4790'),
('73','ea','Nemo alias adipisci earum dolor molestiae doloribus.','Bruen-Skiles','5676'),
('74','dignissimos','Consectetur explicabo excepturi et exercitationem.','Borer and Sons','8168'),
('75','animi','Adipisci unde nisi officia facilis quas temporibus.','Hettinger, Willms and Gerhold','1316'),
('76','officiis','Numquam minus ut rerum odio facere illo placeat voluptas.','Hamill-Reichert','7434'),
('77','id','Id vitae voluptas omnis provident ex accusamus in.','Paucek LLC','5934'),
('78','id','Voluptas distinctio qui ducimus dignissimos explicabo sunt.','Kiehn-Bednar','4287'),
('79','quisquam','Eaque qui velit distinctio recusandae nesciunt distinctio itaque aut.','Crooks-Kris','2848'),
('80','ut','Commodi natus magnam voluptatum.','Kunde-Hudson','2486'),
('81','eius','Vitae voluptate aspernatur at assumenda.','Langworth-Shanahan','5855'),
('82','tempore','Perferendis unde quia sint.','Rowe and Sons','3341'),
('83','nihil','Sunt dolor ipsam quos ea qui.','Von PLC','6184'),
('84','ea','Aspernatur totam autem reiciendis voluptatem quas quaerat.','Schamberger, Kling and Effertz','6130'),
('85','ea','Eligendi maxime sunt ut voluptatibus non.','White Group','5382'),
('86','rerum','Omnis et atque mollitia.','Lind, White and Tromp','5776'),
('87','optio','Repellat quo quia officia quisquam deserunt corporis.','Spinka, Littel and Price','5608'),
('88','neque','Dolores cumque minima quas.','Connelly-Bartoletti','7185'),
('89','eligendi','Deleniti minima reprehenderit vitae fuga blanditiis sunt ut officia.','Lowe, Considine and Morissette','8383'),
('90','debitis','Possimus ut quidem nobis aut fuga dolor.','Parker, Pagac and Hudson','8033'),
('91','a','Voluptas minima illum quidem quis dolor.','Price PLC','9379'),
('92','facilis','Dicta consequuntur iste quia saepe ut corporis.','Torphy, Davis and Stanton','1997'),
('93','soluta','Et quia aut nobis.','Crooks-Howell','2833'),
('94','exercitationem','Aut aut fugit voluptatem.','Mayer, Schneider and Hyatt','2840'),
('95','at','Error sint eos hic illum.','Graham-Koepp','3249'),
('96','ullam','Iusto debitis in quo expedita sed saepe repellat.','Bartoletti-Schamberger','4488'),
('97','nihil','Distinctio qui at consequuntur qui culpa voluptas deserunt.','Terry, Marks and Pollich','8310'),
('98','est','Ea eius illum inventore sed.','Hagenes, Maggio and Moen','9781'),
('99','ducimus','Est quae iste deleniti.','Stanton-Bogan','9717'),
('100','quasi','Quidem qui dignissimos nulla et quis.','Kessler, Yost and Conn','1585'); 


DROP TABLE IF EXISTS `operation_types`;
CREATE TABLE `operation_types` (
  `id` bigint(20) unsigned NOT NULL AUTO_INCREMENT,
  `name` varchar(100) COLLATE utf8_unicode_ci DEFAULT NULL,
  PRIMARY KEY (`id`)
) ENGINE=InnoDB AUTO_INCREMENT=101 DEFAULT CHARSET=utf8 COLLATE=utf8_unicode_ci;

INSERT INTO `operation_types` VALUES ('1','praesentium'),
('2','qui'),
('3','placeat'),
('4','est'),
('5','iste'),
('6','et'),
('7','ut'),
('8','aut'),
('9','enim'),
('10','numquam'),
('11','natus'),
('12','doloribus'),
('13','voluptas'),
('14','a'),
('15','at'),
('16','aliquid'),
('17','minus'),
('18','dolore'),
('19','corporis'),
('20','nam'),
('21','quo'),
('22','aliquam'),
('23','asperiores'),
('24','deserunt'),
('25','occaecati'),
('26','harum'),
('27','facere'),
('28','neque'),
('29','ullam'),
('30','expedita'),
('31','aperiam'),
('32','sint'),
('33','quos'),
('34','omnis'),
('35','consequuntur'),
('36','esse'),
('37','culpa'),
('38','dolorem'),
('39','quasi'),
('40','ea'),
('41','ipsa'),
('42','quia'),
('43','dolor'),
('44','beatae'),
('45','in'),
('46','dicta'),
('47','consectetur'),
('48','repellat'),
('49','ab'),
('50','cum'),
('51','dolorum'),
('52','exercitationem'),
('53','fuga'),
('54','quis'),
('55','distinctio'),
('56','atque'),
('57','laborum'),
('58','temporibus'),
('59','recusandae'),
('60','porro'),
('61','nostrum'),
('62','perspiciatis'),
('63','error'),
('64','delectus'),
('65','nulla'),
('66','eum'),
('67','tenetur'),
('68','eius'),
('69','soluta'),
('70','totam'),
('71','sit'),
('72','voluptates'),
('73','amet'),
('74','autem'),
('75','quae'),
('76','iusto'),
('77','molestiae'),
('78','unde'),
('79','deleniti'),
('80','adipisci'),
('81','fugiat'),
('82','sunt'),
('83','rerum'),
('84','iure'),
('85','quidem'),
('86','illum'),
('87','nisi'),
('88','quas'),
('89','ipsam'),
('90','doloremque'),
('91','ad'),
('92','cumque'),
('93','eligendi'),
('94','pariatur'),
('95','laudantium'),
('96','maxime'),
('97','tempore'),
('98','necessitatibus'),
('99','impedit'),
('100','voluptatibus'); 


DROP TABLE IF EXISTS `orders`;
CREATE TABLE `orders` (
  `id` bigint(20) unsigned NOT NULL AUTO_INCREMENT,
  `user_id` bigint(20) unsigned NOT NULL,
  `city_id` bigint(20) unsigned NOT NULL,
  `delivery_type` bigint(20) unsigned NOT NULL,
  PRIMARY KEY (`id`),
  KEY `user_id` (`user_id`,`city_id`),
  KEY `city_id` (`city_id`),
  KEY `delivery_type` (`delivery_type`),
  CONSTRAINT `orders_ibfk_1` FOREIGN KEY (`user_id`) REFERENCES `users` (`id`),
  CONSTRAINT `orders_ibfk_2` FOREIGN KEY (`city_id`) REFERENCES `city_list` (`id`),
  CONSTRAINT `orders_ibfk_3` FOREIGN KEY (`delivery_type`) REFERENCES `delivery_types` (`id`)
) ENGINE=InnoDB AUTO_INCREMENT=101 DEFAULT CHARSET=utf8 COLLATE=utf8_unicode_ci;

INSERT INTO `orders` VALUES ('1','59','67','90'),
('2','62','42','4'),
('3','174','48','22'),
('4','179','65','80'),
('5','44','58','51'),
('6','27','89','1'),
('7','181','67','11'),
('8','148','62','40'),
('9','10','2','100'),
('10','6','2','44'),
('11','171','31','10'),
('12','150','62','51'),
('13','157','49','98'),
('14','200','38','62'),
('15','159','60','20'),
('16','60','73','8'),
('17','61','63','75'),
('18','82','37','36'),
('19','162','42','38'),
('20','161','45','39'),
('21','47','30','69'),
('22','66','5','30'),
('23','167','83','78'),
('24','163','83','15'),
('25','87','63','75'),
('26','125','93','47'),
('27','140','23','10'),
('28','89','64','46'),
('29','160','45','87'),
('30','34','25','32'),
('31','110','48','61'),
('32','48','81','66'),
('33','107','64','48'),
('34','62','45','31'),
('35','92','88','93'),
('36','41','50','85'),
('37','134','20','8'),
('38','152','64','71'),
('39','43','44','15'),
('40','16','61','40'),
('41','78','16','88'),
('42','200','39','68'),
('43','130','92','31'),
('44','26','23','76'),
('45','87','69','63'),
('46','72','89','13'),
('47','42','56','33'),
('48','56','31','97'),
('49','198','52','40'),
('50','28','60','100'),
('51','106','99','15'),
('52','80','99','54'),
('53','15','63','46'),
('54','76','76','69'),
('55','27','19','37'),
('56','153','55','26'),
('57','179','75','82'),
('58','44','3','12'),
('59','37','2','64'),
('60','116','15','24'),
('61','116','68','23'),
('62','146','8','21'),
('63','53','15','83'),
('64','143','53','59'),
('65','80','66','77'),
('66','154','43','31'),
('67','5','32','6'),
('68','167','53','9'),
('69','191','71','10'),
('70','119','29','24'),
('71','165','87','92'),
('72','9','60','100'),
('73','50','86','14'),
('74','16','57','67'),
('75','132','97','33'),
('76','85','74','75'),
('77','146','76','6'),
('78','157','59','58'),
('79','173','55','29'),
('80','192','14','58'),
('81','40','96','44'),
('82','23','1','3'),
('83','21','25','89'),
('84','48','33','45'),
('85','181','98','42'),
('86','45','41','15'),
('87','194','13','90'),
('88','4','92','49'),
('89','120','78','3'),
('90','178','74','16'),
('91','92','94','12'),
('92','180','5','12'),
('93','186','15','37'),
('94','162','39','69'),
('95','52','29','67'),
('96','134','52','7'),
('97','163','48','20'),
('98','142','50','11'),
('99','39','10','89'),
('100','45','99','63'); 


DROP TABLE IF EXISTS `position_list`;
CREATE TABLE `position_list` (
  `id` bigint(20) unsigned NOT NULL AUTO_INCREMENT,
  `position_name` varchar(100) COLLATE utf8_unicode_ci DEFAULT NULL,
  PRIMARY KEY (`id`)
) ENGINE=InnoDB AUTO_INCREMENT=101 DEFAULT CHARSET=utf8 COLLATE=utf8_unicode_ci;

INSERT INTO `position_list` VALUES ('1','alias'),
('2','consequuntur'),
('3','est'),
('4','reiciendis'),
('5','et'),
('6','sunt'),
('7','blanditiis'),
('8','officiis'),
('9','maiores'),
('10','omnis'),
('11','debitis'),
('12','enim'),
('13','qui'),
('14','repudiandae'),
('15','ea'),
('16','esse'),
('17','voluptatem'),
('18','id'),
('19','nam'),
('20','laborum'),
('21','beatae'),
('22','temporibus'),
('23','libero'),
('24','natus'),
('25','odit'),
('26','quia'),
('27','sit'),
('28','rerum'),
('29','at'),
('30','facilis'),
('31','doloribus'),
('32','amet'),
('33','nihil'),
('34','sed'),
('35','ullam'),
('36','fugiat'),
('37','pariatur'),
('38','velit'),
('39','neque'),
('40','laboriosam'),
('41','incidunt'),
('42','autem'),
('43','facere'),
('44','praesentium'),
('45','quis'),
('46','suscipit'),
('47','ut'),
('48','unde'),
('49','corporis'),
('50','eos'),
('51','ab'),
('52','minima'),
('53','eligendi'),
('54','aliquid'),
('55','a'),
('56','dolor'),
('57','eius'),
('58','totam'),
('59','expedita'),
('60','adipisci'),
('61','necessitatibus'),
('62','animi'),
('63','vitae'),
('64','nesciunt'),
('65','molestiae'),
('66','aut'),
('67','voluptas'),
('68','aperiam'),
('69','dolores'),
('70','vel'),
('71','rem'),
('72','quaerat'),
('73','labore'),
('74','architecto'),
('75','veniam'),
('76','similique'),
('77','repellat'),
('78','ipsam'),
('79','eum'),
('80','numquam'),
('81','ipsum'),
('82','fugit'),
('83','hic'),
('84','non'),
('85','ducimus'),
('86','cum'),
('87','perferendis'),
('88','magnam'),
('89','consectetur'),
('90','quae'),
('91','quasi'),
('92','iusto'),
('93','iure'),
('94','tenetur'),
('95','inventore'),
('96','in'),
('97','sapiente'),
('98','minus'),
('99','optio'),
('100','dolorem'); 


DROP TABLE IF EXISTS `product_category`;
CREATE TABLE `product_category` (
  `id` bigint(20) unsigned NOT NULL AUTO_INCREMENT,
  `name` varchar(100) COLLATE utf8_unicode_ci DEFAULT NULL,
  PRIMARY KEY (`id`)
) ENGINE=InnoDB AUTO_INCREMENT=101 DEFAULT CHARSET=utf8 COLLATE=utf8_unicode_ci;

INSERT INTO `product_category` VALUES ('1','cum'),
('2','reiciendis'),
('3','praesentium'),
('4','atque'),
('5','dolor'),
('6','aspernatur'),
('7','velit'),
('8','et'),
('9','consequatur'),
('10','harum'),
('11','fugiat'),
('12','repellendus'),
('13','in'),
('14','impedit'),
('15','accusantium'),
('16','voluptatem'),
('17','rerum'),
('18','ut'),
('19','saepe'),
('20','at'),
('21','quia'),
('22','vero'),
('23','nulla'),
('24','laudantium'),
('25','aperiam'),
('26','aut'),
('27','corrupti'),
('28','vitae'),
('29','nisi'),
('30','cupiditate'),
('31','voluptate'),
('32','ducimus'),
('33','quo'),
('34','omnis'),
('35','nesciunt'),
('36','quibusdam'),
('37','doloremque'),
('38','numquam'),
('39','odit'),
('40','suscipit'),
('41','dolorem'),
('42','placeat'),
('43','occaecati'),
('44','perspiciatis'),
('45','animi'),
('46','ipsam'),
('47','veritatis'),
('48','pariatur'),
('49','ad'),
('50','sed'),
('51','est'),
('52','explicabo'),
('53','porro'),
('54','nostrum'),
('55','similique'),
('56','quisquam'),
('57','libero'),
('58','dicta'),
('59','alias'),
('60','iste'),
('61','commodi'),
('62','iusto'),
('63','necessitatibus'),
('64','optio'),
('65','eos'),
('66','qui'),
('67','a'),
('68','quod'),
('69','enim'),
('70','asperiores'),
('71','ullam'),
('72','expedita'),
('73','distinctio'),
('74','nam'),
('75','nobis'),
('76','excepturi'),
('77','tempore'),
('78','minus'),
('79','recusandae'),
('80','non'),
('81','maxime'),
('82','sit'),
('83','cumque'),
('84','iure'),
('85','vel'),
('86','fuga'),
('87','eveniet'),
('88','eius'),
('89','quae'),
('90','eaque'),
('91','beatae'),
('92','quis'),
('93','id'),
('94','deserunt'),
('95','veniam'),
('96','minima'),
('97','inventore'),
('98','sunt'),
('99','ab'),
('100','dolore'); 


DROP TABLE IF EXISTS `products`;
CREATE TABLE `products` (
  `id` bigint(20) unsigned NOT NULL AUTO_INCREMENT,
  `name` varchar(100) COLLATE utf8_unicode_ci DEFAULT NULL,
  `image_url` varchar(200) COLLATE utf8_unicode_ci DEFAULT NULL,
  `price` int(11) DEFAULT NULL,
  `articulus` int(11) DEFAULT NULL,
  `product_category_id` bigint(20) unsigned NOT NULL,
  `product_type` enum('product','service') COLLATE utf8_unicode_ci DEFAULT NULL,
  `product_count` int(11) DEFAULT NULL,
  `city_id` bigint(20) unsigned NOT NULL,
  `vendor_id` bigint(20) unsigned NOT NULL,
  PRIMARY KEY (`id`),
  KEY `product_name` (`name`),
  KEY `product_type` (`product_category_id`),
  KEY `city_id` (`city_id`),
  KEY `vendor_id` (`vendor_id`),
  CONSTRAINT `products_ibfk_1` FOREIGN KEY (`product_category_id`) REFERENCES `product_category` (`id`),
  CONSTRAINT `products_ibfk_2` FOREIGN KEY (`city_id`) REFERENCES `city_list` (`id`),
  CONSTRAINT `products_ibfk_3` FOREIGN KEY (`vendor_id`) REFERENCES `vendor_list` (`id`)
) ENGINE=InnoDB AUTO_INCREMENT=101 DEFAULT CHARSET=utf8 COLLATE=utf8_unicode_ci;

INSERT INTO `products` VALUES ('1','non','http://lorempixel.com/640/480/','62126','5875782','21','product','9441','3','46'),
('2','mollitia','http://lorempixel.com/640/480/','39290','378893','49','product','4515','22','16'),
('3','in','http://lorempixel.com/640/480/','65745','7903733','83','service','4661','2','10'),
('4','adipisci','http://lorempixel.com/640/480/','85090','9107450','34','service','147','72','12'),
('5','officia','http://lorempixel.com/640/480/','67581','3009549','27','service','5502','83','21'),
('6','qui','http://lorempixel.com/640/480/','50458','5575012','54','product','2149','14','70'),
('7','commodi','http://lorempixel.com/640/480/','47930','6755173','92','service','3356','85','71'),
('8','dolorem','http://lorempixel.com/640/480/','58596','7868885','84','service','391','52','82'),
('9','dolores','http://lorempixel.com/640/480/','94491','1912552','95','product','5056','63','3'),
('10','perspiciatis','http://lorempixel.com/640/480/','8059','3814635','71','service','3678','77','65'),
('11','est','http://lorempixel.com/640/480/','45182','4848946','26','product','3344','97','67'),
('12','facere','http://lorempixel.com/640/480/','98494','469278','72','service','9819','46','88'),
('13','itaque','http://lorempixel.com/640/480/','9751','3749541','87','service','4438','29','90'),
('14','ut','http://lorempixel.com/640/480/','15603','7605055','97','product','9301','62','62'),
('15','soluta','http://lorempixel.com/640/480/','83701','4070780','8','service','9077','89','44'),
('16','voluptate','http://lorempixel.com/640/480/','30473','7003960','29','product','6330','42','57'),
('17','ab','http://lorempixel.com/640/480/','69684','6406458','98','service','4787','33','42'),
('18','consequuntur','http://lorempixel.com/640/480/','3002','9248171','69','service','6006','17','94'),
('19','sed','http://lorempixel.com/640/480/','47732','8848488','51','product','741','12','56'),
('20','rerum','http://lorempixel.com/640/480/','21951','4744748','53','product','869','82','33'),
('21','assumenda','http://lorempixel.com/640/480/','26830','6488586','17','product','9313','8','29'),
('22','quia','http://lorempixel.com/640/480/','30436','6557630','83','product','3279','79','74'),
('23','aliquam','http://lorempixel.com/640/480/','25017','1661169','71','service','4601','66','2'),
('24','sunt','http://lorempixel.com/640/480/','74041','1449128','60','product','5737','62','64'),
('25','vitae','http://lorempixel.com/640/480/','41517','5101298','21','product','4459','69','53'),
('26','hic','http://lorempixel.com/640/480/','98826','4563388','65','service','4078','98','95'),
('27','eos','http://lorempixel.com/640/480/','41233','5207288','22','service','501','95','28'),
('28','amet','http://lorempixel.com/640/480/','22452','8106336','64','product','9036','63','45'),
('29','quibusdam','http://lorempixel.com/640/480/','71930','3144220','57','service','8253','14','56'),
('30','facilis','http://lorempixel.com/640/480/','68090','9088952','13','service','9275','66','38'),
('31','tempora','http://lorempixel.com/640/480/','90787','1614198','45','product','9928','82','45'),
('32','quae','http://lorempixel.com/640/480/','78379','3888865','73','product','9310','65','23'),
('33','illum','http://lorempixel.com/640/480/','64243','7665004','47','service','1843','35','88'),
('34','debitis','http://lorempixel.com/640/480/','55795','7782361','49','service','2200','95','50'),
('35','et','http://lorempixel.com/640/480/','85912','4236088','13','service','8712','16','19'),
('36','eum','http://lorempixel.com/640/480/','90461','1090422','66','service','4434','80','16'),
('37','nihil','http://lorempixel.com/640/480/','82610','3365705','60','product','9181','1','10'),
('38','nemo','http://lorempixel.com/640/480/','74046','8995629','88','product','6375','65','73'),
('39','placeat','http://lorempixel.com/640/480/','45386','4024316','32','service','4854','21','86'),
('40','nam','http://lorempixel.com/640/480/','10498','8870151','88','service','5653','33','52'),
('41','ipsum','http://lorempixel.com/640/480/','17909','5646985','25','product','5682','77','33'),
('42','animi','http://lorempixel.com/640/480/','39237','1411823','69','product','5871','50','97'),
('43','enim','http://lorempixel.com/640/480/','5675','8519837','92','service','6567','97','32'),
('44','beatae','http://lorempixel.com/640/480/','18476','7167847','80','product','2500','45','26'),
('45','harum','http://lorempixel.com/640/480/','60863','7804050','29','service','4989','58','41'),
('46','nostrum','http://lorempixel.com/640/480/','60298','4339159','47','product','8856','23','21'),
('47','illo','http://lorempixel.com/640/480/','34502','198705','63','product','7183','83','22'),
('48','sapiente','http://lorempixel.com/640/480/','30320','798891','73','service','7657','70','86'),
('49','fugit','http://lorempixel.com/640/480/','92765','2206530','46','product','3371','1','6'),
('50','nulla','http://lorempixel.com/640/480/','77573','405032','31','product','6502','89','39'),
('51','porro','http://lorempixel.com/640/480/','67200','5061323','83','service','1298','13','15'),
('52','ex','http://lorempixel.com/640/480/','8291','2411165','15','product','7288','82','64'),
('53','molestiae','http://lorempixel.com/640/480/','86752','3482667','12','service','9770','74','61'),
('54','distinctio','http://lorempixel.com/640/480/','35124','1638406','44','service','8231','53','5'),
('55','nobis','http://lorempixel.com/640/480/','95133','604445','70','product','1048','82','63'),
('56','velit','http://lorempixel.com/640/480/','38048','5176376','10','product','6348','29','85'),
('57','aut','http://lorempixel.com/640/480/','89501','5868245','31','service','386','91','67'),
('58','eligendi','http://lorempixel.com/640/480/','96957','2638103','52','product','6517','63','37'),
('59','nisi','http://lorempixel.com/640/480/','64150','890238','38','product','3112','8','38'),
('60','modi','http://lorempixel.com/640/480/','54738','9681687','43','product','6997','39','26'),
('61','magnam','http://lorempixel.com/640/480/','47761','4463869','81','product','7941','22','39'),
('62','iure','http://lorempixel.com/640/480/','44033','3183636','96','product','7490','37','20'),
('63','architecto','http://lorempixel.com/640/480/','98950','7866703','60','product','7383','48','94'),
('64','recusandae','http://lorempixel.com/640/480/','88889','225103','20','service','6527','92','46'),
('65','odit','http://lorempixel.com/640/480/','79382','672256','25','service','1104','61','28'),
('66','officiis','http://lorempixel.com/640/480/','29328','674709','87','service','4306','71','57'),
('67','tenetur','http://lorempixel.com/640/480/','58363','6344069','72','product','8754','1','47'),
('68','necessitatibus','http://lorempixel.com/640/480/','31708','8533376','39','product','3713','53','10'),
('69','eveniet','http://lorempixel.com/640/480/','52412','1282890','75','service','3660','90','18'),
('70','aperiam','http://lorempixel.com/640/480/','55090','1212256','12','service','949','33','57'),
('71','ipsa','http://lorempixel.com/640/480/','19917','157001','38','product','6185','13','78'),
('72','ea','http://lorempixel.com/640/480/','29959','1611289','76','service','5318','9','14'),
('73','culpa','http://lorempixel.com/640/480/','82429','2762800','96','service','2064','68','62'),
('74','consectetur','http://lorempixel.com/640/480/','84147','3920053','89','service','3568','87','53'),
('75','dolor','http://lorempixel.com/640/480/','52708','2724756','35','service','6167','12','14'),
('76','provident','http://lorempixel.com/640/480/','59164','7389852','62','product','7383','98','84'),
('77','occaecati','http://lorempixel.com/640/480/','68129','8407877','19','product','6561','70','85'),
('78','voluptatem','http://lorempixel.com/640/480/','45736','3826444','66','service','9882','8','37'),
('79','esse','http://lorempixel.com/640/480/','74523','6158980','75','product','8677','82','26'),
('80','id','http://lorempixel.com/640/480/','93773','2787426','93','service','8836','94','58'),
('81','corporis','http://lorempixel.com/640/480/','50657','977949','50','service','6341','31','71'),
('82','repellat','http://lorempixel.com/640/480/','56037','2410648','27','service','2952','7','79'),
('83','ratione','http://lorempixel.com/640/480/','27402','3203138','41','service','6905','2','46'),
('84','quasi','http://lorempixel.com/640/480/','58026','3986033','3','service','3634','90','33'),
('85','vel','http://lorempixel.com/640/480/','55395','208154','56','service','6875','25','45'),
('86','quidem','http://lorempixel.com/640/480/','4089','2777470','69','service','2923','87','42'),
('87','incidunt','http://lorempixel.com/640/480/','52149','3758348','53','product','4043','5','12'),
('88','alias','http://lorempixel.com/640/480/','34038','3229110','37','service','3348','70','19'),
('89','eaque','http://lorempixel.com/640/480/','76632','8324042','73','product','2391','45','1'),
('90','quis','http://lorempixel.com/640/480/','92817','3044491','99','service','4212','37','94'),
('91','iste','http://lorempixel.com/640/480/','55765','8710116','56','product','2567','87','25'),
('92','doloribus','http://lorempixel.com/640/480/','49606','5225068','27','service','5269','14','31'),
('93','dolorum','http://lorempixel.com/640/480/','62795','1761980','5','service','6621','54','32'),
('94','consequatur','http://lorempixel.com/640/480/','75449','9050733','51','product','9496','56','22'),
('95','deserunt','http://lorempixel.com/640/480/','97792','3568383','84','product','189','12','47'),
('96','excepturi','http://lorempixel.com/640/480/','98436','9477642','28','service','3295','80','33'),
('97','omnis','http://lorempixel.com/640/480/','60334','3011829','70','service','3130','32','38'),
('98','saepe','http://lorempixel.com/640/480/','17924','1187162','81','service','4395','69','7'),
('99','reiciendis','http://lorempixel.com/640/480/','51978','5421356','100','product','616','41','51'),
('100','sit','http://lorempixel.com/640/480/','91151','9248644','100','product','6269','40','88'); 


DROP TABLE IF EXISTS `specifications`;
CREATE TABLE `specifications` (
  `id` bigint(20) unsigned NOT NULL AUTO_INCREMENT,
  `product_id` bigint(20) unsigned NOT NULL,
  `order_id` bigint(20) unsigned NOT NULL,
  `count` int(11) DEFAULT NULL,
  `price` int(11) DEFAULT NULL,
  `amount` int(11) DEFAULT NULL,
  PRIMARY KEY (`id`),
  KEY `order_id` (`order_id`),
  KEY `product_id` (`product_id`),
  CONSTRAINT `specifications_ibfk_1` FOREIGN KEY (`product_id`) REFERENCES `products` (`id`),
  CONSTRAINT `specifications_ibfk_2` FOREIGN KEY (`order_id`) REFERENCES `orders` (`id`)
) ENGINE=InnoDB AUTO_INCREMENT=101 DEFAULT CHARSET=utf8 COLLATE=utf8_unicode_ci;

INSERT INTO `specifications` VALUES ('1','1','1','62','645','8'),
('2','2','2','45','6360','4'),
('3','3','3','99','9057','8'),
('4','4','4','56','8572','1'),
('5','5','5','51','1453','5'),
('6','6','6','42','7154','3'),
('7','7','7','29','8119','8'),
('8','8','8','47','6095','3'),
('9','9','9','2','6845','6'),
('10','10','10','14','4335','4'),
('11','11','11','68','5574','3'),
('12','12','12','75','7806','6'),
('13','13','13','58','6683','4'),
('14','14','14','31','7809','7'),
('15','15','15','39','3277','7'),
('16','16','16','13','4566','4'),
('17','17','17','21','8880','0'),
('18','18','18','62','5682','7'),
('19','19','19','64','2506','0'),
('20','20','20','61','8177','2'),
('21','21','21','41','2377','6'),
('22','22','22','38','2749','9'),
('23','23','23','52','1720','6'),
('24','24','24','52','6566','8'),
('25','25','25','55','8804','4'),
('26','26','26','28','5303','1'),
('27','27','27','61','8560','2'),
('28','28','28','5','3372','9'),
('29','29','29','18','5166','9'),
('30','30','30','9','4761','6'),
('31','31','31','95','9028','3'),
('32','32','32','100','1624','4'),
('33','33','33','91','2458','1'),
('34','34','34','65','3751','1'),
('35','35','35','20','108','8'),
('36','36','36','54','8178','4'),
('37','37','37','51','1727','3'),
('38','38','38','79','5568','6'),
('39','39','39','88','6848','8'),
('40','40','40','87','3638','7'),
('41','41','41','71','4154','8'),
('42','42','42','25','3900','8'),
('43','43','43','61','6408','2'),
('44','44','44','30','7594','7'),
('45','45','45','62','4623','0'),
('46','46','46','8','9859','2'),
('47','47','47','25','5215','8'),
('48','48','48','25','3956','3'),
('49','49','49','42','6773','4'),
('50','50','50','31','2919','0'),
('51','51','51','94','5259','7'),
('52','52','52','26','7180','1'),
('53','53','53','94','5366','2'),
('54','54','54','57','6591','9'),
('55','55','55','20','3862','4'),
('56','56','56','42','2646','3'),
('57','57','57','48','4348','2'),
('58','58','58','34','9695','3'),
('59','59','59','11','4546','7'),
('60','60','60','35','1683','3'),
('61','61','61','69','3486','7'),
('62','62','62','12','5448','7'),
('63','63','63','76','7618','3'),
('64','64','64','13','5414','1'),
('65','65','65','95','3313','1'),
('66','66','66','16','3714','0'),
('67','67','67','58','7732','8'),
('68','68','68','78','4578','1'),
('69','69','69','58','3657','8'),
('70','70','70','22','2339','1'),
('71','71','71','55','4236','8'),
('72','72','72','87','2141','0'),
('73','73','73','100','7711','6'),
('74','74','74','78','9415','4'),
('75','75','75','32','7943','6'),
('76','76','76','71','2005','9'),
('77','77','77','75','7982','6'),
('78','78','78','39','4867','5'),
('79','79','79','10','235','9'),
('80','80','80','25','7293','8'),
('81','81','81','4','5870','6'),
('82','82','82','68','2641','8'),
('83','83','83','99','2659','3'),
('84','84','84','81','7802','5'),
('85','85','85','48','8660','9'),
('86','86','86','57','289','2'),
('87','87','87','65','8546','8'),
('88','88','88','93','715','7'),
('89','89','89','62','7560','7'),
('90','90','90','100','2118','9'),
('91','91','91','74','5646','6'),
('92','92','92','75','9837','2'),
('93','93','93','89','604','7'),
('94','94','94','20','7314','8'),
('95','95','95','31','5402','6'),
('96','96','96','16','9162','8'),
('97','97','97','69','9295','8'),
('98','98','98','52','8123','3'),
('99','99','99','87','8539','4'),
('100','100','100','12','3438','4'); 


DROP TABLE IF EXISTS `staff_list`;
CREATE TABLE `staff_list` (
  `id` bigint(20) unsigned NOT NULL AUTO_INCREMENT,
  `first_name` varchar(100) COLLATE utf8_unicode_ci DEFAULT NULL,
  `lastname` varchar(100) COLLATE utf8_unicode_ci DEFAULT NULL,
  `position` bigint(20) unsigned NOT NULL,
  `status` enum('working','fired','vacation','sick') COLLATE utf8_unicode_ci DEFAULT 'working',
  `warehouses_id` bigint(20) unsigned NOT NULL,
  PRIMARY KEY (`id`),
  KEY `position_idx` (`position`),
  KEY `full_name_idx` (`first_name`,`lastname`),
  KEY `warehouses_id` (`warehouses_id`),
  CONSTRAINT `staff_list_ibfk_1` FOREIGN KEY (`position`) REFERENCES `position_list` (`id`),
  CONSTRAINT `staff_list_ibfk_2` FOREIGN KEY (`warehouses_id`) REFERENCES `warehouses` (`id`)
) ENGINE=InnoDB AUTO_INCREMENT=201 DEFAULT CHARSET=utf8 COLLATE=utf8_unicode_ci;

INSERT INTO `staff_list` VALUES ('101','Lilla','Murazik','4','fired','71'),
('102','Aubrey','Heller','4','fired','73'),
('103','Sonya','Kohler','2','vacation','78'),
('104','Kelley','Bayer','4','working','97'),
('105','Griffin','Keeling','4','working','84'),
('106','Alivia','Rutherford','3','fired','42'),
('107','Keagan','Cormier','9','working','73'),
('108','Antoinette','Bergstrom','8','working','45'),
('109','Eliezer','Hoppe','2','working','73'),
('110','Zoie','Heathcote','9','fired','30'),
('111','Clay','Green','2','sick','99'),
('112','Bethany','Rohan','9','fired','2'),
('113','Luella','Ferry','2','sick','7'),
('114','Alberta','Walter','7','sick','100'),
('116','Emmett','Gorczany','9','vacation','27'),
('117','Ambrose','Gerlach','2','working','42'),
('118','Sonia','Kub','5','working','73'),
('119','Alberta','Quigley','5','sick','69'),
('120','Martina','Fritsch','9','sick','74'),
('121','Kathleen','Swift','1','vacation','49'),
('122','Eleonore','Funk','4','vacation','39'),
('123','Floy','Nader','1','vacation','74'),
('124','Orlando','Roob','4','fired','51'),
('126','Palma','Kuhn','6','working','12'),
('127','Alfreda','Willms','6','fired','73'),
('128','Angus','Miller','6','vacation','42'),
('129','Gunner','Turcotte','9','fired','78'),
('130','Maddison','Braun','4','sick','56'),
('131','Dorthy','Anderson','9','fired','60'),
('132','Marcelle','Purdy','7','sick','48'),
('133','Allie','Ernser','3','working','29'),
('134','Teresa','Simonis','4','sick','38'),
('135','Brittany','Johns','4','sick','45'),
('136','Julie','Goldner','2','sick','13'),
('139','Reymundo','Kreiger','6','fired','57'),
('140','Rory','Powlowski','2','fired','51'),
('141','Jazmin','Schumm','6','sick','47'),
('142','Ulices','Greenfelder','3','sick','56'),
('143','Antonio','Leffler','2','sick','52'),
('144','Frederick','Howe','1','sick','54'),
('145','Jalyn','Wehner','5','working','55'),
('146','Chaya','O\'Reilly','8','fired','8'),
('148','Jamil','Sawayn','3','working','97'),
('149','Dayne','Stokes','5','working','81'),
('151','Erich','Kulas','8','working','71'),
('152','Royal','Braun','5','working','29'),
('153','Sigurd','Ondricka','8','vacation','88'),
('154','Willow','Hammes','6','sick','44'),
('155','Keagan','Kreiger','4','sick','80'),
('156','Bettie','Zemlak','9','sick','95'),
('157','Tanner','Lakin','8','sick','55'),
('158','Ruben','Predovic','7','sick','52'),
('160','Sylvester','Fisher','7','working','32'),
('161','Eileen','Yost','6','fired','8'),
('162','Eino','Klocko','6','sick','96'),
('163','Filiberto','Larkin','4','working','80'),
('164','Marge','Block','7','vacation','36'),
('165','Katrina','Littel','4','vacation','33'),
('166','Valentin','Wisoky','8','fired','25'),
('167','Obie','Dare','5','sick','48'),
('168','Delmer','Senger','2','working','12'),
('169','Wilber','Hermiston','6','vacation','42'),
('170','Esta','Kuvalis','3','working','5'),
('171','Alexandrea','Bednar','3','fired','63'),
('172','Oswaldo','Reichert','2','sick','89'),
('173','Sammie','Green','5','sick','61'),
('174','Muhammad','Orn','7','working','14'),
('175','Helen','Tremblay','8','vacation','42'),
('176','Grace','Douglas','2','sick','15'),
('177','Diamond','Block','4','sick','22'),
('178','Lelah','Beatty','3','working','23'),
('179','Jan','Kertzmann','8','working','12'),
('180','Kurtis','Wilderman','2','vacation','3'),
('181','Lisandro','Maggio','5','vacation','72'),
('182','Brady','Ullrich','9','fired','82'),
('183','Terence','VonRueden','7','working','32'),
('184','Maverick','Dickens','7','sick','59'),
('185','Shanel','Leffler','5','fired','25'),
('187','Myrtle','O\'Hara','2','working','53'),
('188','Juvenal','Kunde','9','fired','80'),
('189','Arlie','Corwin','1','sick','63'),
('191','Hassie','Ledner','8','sick','12'),
('192','Tressa','Ritchie','2','vacation','70'),
('194','Shania','Morissette','5','vacation','91'),
('195','Stephen','Spinka','6','vacation','5'),
('196','Stephania','Reichel','1','working','17'),
('197','Josie','Harvey','9','vacation','16'),
('198','Darwin','Hoppe','7','sick','53'),
('199','Stephan','Braun','7','vacation','28'),
('200','Barrett','Rosenbaum','2','working','57'); 


DROP TABLE IF EXISTS `users`;
CREATE TABLE `users` (
  `id` bigint(20) unsigned NOT NULL AUTO_INCREMENT,
  `name` varchar(100) COLLATE utf8_unicode_ci DEFAULT NULL,
  `phone_number` varchar(100) COLLATE utf8_unicode_ci DEFAULT NULL,
  `email` varchar(100) COLLATE utf8_unicode_ci DEFAULT NULL,
  `address` varchar(100) COLLATE utf8_unicode_ci DEFAULT NULL,
  `city_id` bigint(20) unsigned NOT NULL,
  `user_type` enum('user','admin') COLLATE utf8_unicode_ci DEFAULT 'user',
  PRIMARY KEY (`id`),
  KEY `city_id` (`city_id`),
  CONSTRAINT `users_ibfk_1` FOREIGN KEY (`city_id`) REFERENCES `city_list` (`id`)
) ENGINE=InnoDB AUTO_INCREMENT=201 DEFAULT CHARSET=utf8 COLLATE=utf8_unicode_ci;

INSERT INTO `users` VALUES ('1','explicabo','1-844-160-7415x972','zieme.yasmin@example.com','0633 Dicki Green\nSouth Brigitte, AL 05799-4698','21','admin'),
('2','voluptatem','853-084-2977x34224','winona97@example.org','8491 Nestor Spur\nPort Ivah, NH 45262-4829','85','user'),
('3','adipisci','1-329-509-8662x08326','kconsidine@example.net','4947 O\'Hara Station Suite 482\nPort Mylenechester, AK 76907','77','admin'),
('4','sit','945.317.4571x33144','bayer.jessyca@example.net','6211 Bruen Squares\nSouth Alicia, IN 92106','60','user'),
('5','aut','386.304.2816','erdman.raleigh@example.org','0504 Hodkiewicz Parkway Apt. 332\nBurleyside, AK 99807','63','user'),
('6','enim','917.781.0805','remington04@example.org','123 Salma Burg Suite 022\nSouth Norbert, NE 17546-9716','50','admin'),
('7','nulla','(973)004-4076','everette.koepp@example.net','3964 Zieme Pines\nBartonberg, OK 70296-1052','65','user'),
('8','delectus','1-892-500-6187','anika75@example.org','8448 Newell Divide Apt. 699\nSchuppeborough, KS 95688-4002','46','admin'),
('9','vel','(151)679-7182','leilani24@example.net','008 Konopelski Meadow\nWest Serenity, CT 82807','39','user'),
('10','ab','(257)313-2635x60990','huel.mylene@example.org','147 Bartoletti Shoal Suite 335\nWest Jaquelin, MO 11512-9962','13','admin'),
('11','ut','+20(1)2062541385','bruce76@example.com','15911 Prohaska Cliffs\nPort Shakira, LA 06730-5529','10','admin'),
('12','officiis','(437)004-3694','jreynolds@example.org','80155 Ondricka Lodge\nJakubowskimouth, AK 30322-4271','37','admin'),
('13','non','1-505-918-7095x928','collier.reanna@example.net','62470 Damien Manors Apt. 733\nLake Orloshire, MT 48967-9308','58','user'),
('14','totam','1-964-403-1232','cgrant@example.com','18211 Murazik Stream\nGeomouth, KS 68401-4236','28','user'),
('15','quo','1-987-215-6239','kgutmann@example.net','968 Casper Fort Apt. 982\nEast Manleyshire, NY 69228-1116','40','admin'),
('16','minima','915.107.9696x60650','luz.dicki@example.net','9247 Balistreri Rest Apt. 443\nStanfordton, MI 52494-3067','13','user'),
('17','in','(368)484-5622','demetris.bernier@example.net','71466 Sunny Camp Suite 812\nMaximoview, KY 91810','92','admin'),
('18','voluptates','600-422-0893x660','abshire.alexandre@example.com','571 Sofia Gardens\nSouth Nevaport, AL 11317-9250','54','user'),
('19','dolorum','00206362914','justyn05@example.com','8788 William Cove\nSouth Tracefort, HI 47767-7381','58','user'),
('20','fugit','1-541-181-5319','elenor.cormier@example.com','094 Veum Place\nLowellchester, SD 53225-9631','72','user'),
('21','dolorum','+55(2)7649431607','shania68@example.net','66630 Williamson Grove Apt. 012\nWest Max, CT 52164-4033','98','user'),
('22','aperiam','281.469.4962','gkshlerin@example.org','3620 Ally Well Suite 836\nOlafburgh, OK 74363-1419','19','user'),
('23','sed','475.014.9441x296','paucek.forrest@example.net','68346 William Squares\nLakinfurt, GA 76062-7544','6','user'),
('24','quisquam','(249)574-3704','gutkowski.hermann@example.org','7485 Stiedemann Junction Apt. 688\nEast Trace, NE 54481-2119','47','user'),
('25','et','(425)566-4874x6389','upton.rowena@example.net','6061 Dooley Throughway Apt. 044\nNorth Diegoborough, SC 65527-1026','8','user'),
('26','unde','092.459.2736x3093','greyson59@example.com','2179 Jeanie Forest Suite 168\nPort Deven, OR 87508-6474','91','admin'),
('27','molestiae','1-284-166-4981x33555','joe54@example.org','08496 Tyrel Parks Suite 291\nNew Lina, PA 74978','10','admin'),
('28','quaerat','(719)298-8903','ofeest@example.net','3711 Kub Stravenue Apt. 127\nLake Rhoda, VT 31934-7840','1','admin'),
('29','eum','280.290.8769','qkling@example.com','046 Carli Views\nBlandafort, RI 65894-0379','69','user'),
('30','nobis','748.725.1352x249','gpowlowski@example.org','06612 Harber Villages\nWuckertborough, IA 63881','72','admin'),
('31','qui','855-002-3745x478','ethel.erdman@example.org','985 Henderson Plains\nStephonshire, NJ 92616-8544','69','user'),
('32','quia','475.510.8017x75174','giovanni.considine@example.com','4451 Oswald Lights Suite 348\nKleinton, RI 95505-8620','89','admin'),
('33','ad','1-934-005-4371x880','moises60@example.net','715 Darron Lock Apt. 697\nNorth Mariamfort, NC 33336','57','admin'),
('34','atque','(689)433-3564x53575','armand.mosciski@example.com','6741 Sabrina Lodge Apt. 706\nNorth Jaylin, NH 18189-8098','45','user'),
('35','reprehenderit','859.328.8682x353','sbartell@example.com','179 Sporer Bypass Suite 803\nWilkinsonbury, AL 71065','49','user'),
('36','occaecati','244.485.4088x317','nmayer@example.net','7691 Glover Ways Suite 528\nNorth Jesus, KS 84699','20','admin'),
('37','esse','1-063-362-7087','liam71@example.com','308 Jacquelyn Mountains Suite 339\nJaronmouth, SD 46997','94','user'),
('38','quis','414-479-1196x203','river91@example.org','53045 Kovacek Garden\nSouth Ariellefort, SC 71262','14','user'),
('39','rem','06432451029','mabelle.jacobi@example.net','00617 Zieme Dale Suite 971\nKhalilburgh, VA 90657','65','user'),
('40','velit','1-043-320-0605x8690','dietrich.precious@example.org','0774 Ruby Stream Apt. 856\nLake Carolyneborough, LA 73954-9800','32','user'),
('41','velit','+05(3)5806393225','nmcglynn@example.com','255 Melody Islands\nEast Gene, NC 24566-1633','27','user'),
('42','sed','(029)306-2159x1382','steve.stiedemann@example.org','96206 Kasey Estate\nPort Lester, AR 24458-8339','75','admin'),
('43','dolor','927.436.0851x454','ebert.jeanie@example.net','1828 Stamm Garden Suite 145\nLake Carole, IL 71889-6910','69','user'),
('44','doloremque','930-241-3848','cletus.murphy@example.com','3450 Kulas Terrace Apt. 062\nWest Jesus, MS 87215-2970','84','user'),
('45','quo','1-773-301-3291x9580','legros.verdie@example.com','521 Catherine Alley Apt. 326\nEast Kenyon, AR 62494','2','admin'),
('46','voluptas','009-493-9328','lakin.kali@example.org','091 Ilene Landing\nLake Rogeliohaven, KY 68827','9','user'),
('47','nesciunt','925-962-5757','obie54@example.net','9274 Cristal Point\nO\'Connermouth, MO 18375','97','admin'),
('48','qui','1-999-128-6075x6972','ernser.dallas@example.org','0175 Travon Pine\nNew Maybell, NJ 92623-7136','93','user'),
('49','asperiores','1-570-626-7313','dkunze@example.org','910 Hand Walks Suite 602\nEast Saul, ID 85727-0603','62','admin'),
('50','nulla','986.469.6514','gisselle22@example.net','8180 Lesch Spring Apt. 216\nKuhlmanview, IA 87309-8066','54','admin'),
('51','assumenda','253-490-0006x220','adrianna08@example.com','55763 Sporer Glens Suite 953\nSchulistmouth, HI 90830-3429','65','admin'),
('52','sunt','1-143-315-6580','muller.ocie@example.com','359 Everette Burg Suite 863\nWhitneystad, WA 31577-9613','59','user'),
('53','et','1-327-724-5424x8569','genevieve.schulist@example.net','03585 Albertha Parkway\nAdellmouth, MT 39711','73','admin'),
('54','exercitationem','808.676.1388x5253','berge.gretchen@example.org','92930 Brown Camp\nEast Clintonton, KS 82931','71','user'),
('55','qui','1-744-156-2514x2453','oblanda@example.net','01818 Ryan Trace\nEast Calistastad, DC 86195','5','admin'),
('56','placeat','+86(4)3440201700','jane.reynolds@example.com','395 Hane Ways\nCollierburgh, ID 54724-4947','80','user'),
('57','sed','+85(6)0461928327','gerhold.justina@example.org','02993 Art Street Suite 630\nCheyenneport, ID 48465-6515','61','user'),
('58','aperiam','991-006-3607x919','maiya.schneider@example.com','86438 Walsh Creek Apt. 977\nTeaganshire, FL 39961-9731','15','user'),
('59','aperiam','(966)041-5109','zbauch@example.net','928 Rodrick Port\nLake Estherfort, WV 80233-4890','81','admin'),
('60','iste','072-395-6043x14481','karina.padberg@example.net','69293 Gaylord View Suite 232\nNew Nya, TN 33250-5758','30','admin'),
('61','illo','224-587-5489x9044','earlene45@example.org','779 Elna Loop Apt. 518\nLake Andre, IN 74876-3569','87','admin'),
('62','ipsam','1-755-722-5030x552','hettinger.precious@example.com','01108 Baumbach Summit\nEast Diamond, MO 21650','49','admin'),
('63','dolorem','093.711.0241','macejkovic.darrick@example.com','965 Pacocha Harbor\nPort Tyrel, DE 26913-3914','19','admin'),
('64','illum','202.207.9203x4246','grayson49@example.net','13278 Jana Springs Apt. 448\nNew Priscillaberg, MT 06932-1667','43','admin'),
('65','voluptatem','735-227-0885','melissa.wehner@example.net','70719 Zelma Lock\nPort Karlee, NH 24416','93','user'),
('66','sunt','764-078-1986','elittle@example.org','72100 Easter Ports\nJenkinshaven, TX 82619','67','user'),
('67','earum','649-799-3069x8452','dkeeling@example.org','5564 Kuhic Park Suite 258\nHodkiewiczview, AZ 29936','62','user'),
('68','accusamus','(578)691-0958','aidan.bechtelar@example.net','7481 Keeling Ridges Apt. 361\nSouth Magdalena, LA 96806','86','user'),
('69','molestiae','+13(2)3830578673','umacejkovic@example.com','2586 Gunnar Keys Suite 217\nLeschland, AZ 30502-6139','81','user'),
('70','deleniti','641-467-6616x4360','ovolkman@example.com','34081 Cruickshank Squares\nLake Alec, TN 94813-2844','26','admin'),
('71','tempore','(592)876-0860x60333','gisselle.franecki@example.net','50075 Berry Inlet\nLake Harold, FL 46736','18','user'),
('72','est','1-280-720-8392','sdach@example.net','2599 Predovic Meadow Suite 741\nEast Queenie, WV 87972-0829','7','admin'),
('73','totam','+70(9)2449087064','lysanne.schimmel@example.org','432 Nadia Light\nSouth Jaydenfort, NM 23939-4927','100','admin'),
('74','voluptatem','(002)057-5622x03833','scottie.harris@example.com','3501 Mertz Land Apt. 942\nMillsmouth, NV 63258','87','admin'),
('75','qui','335-896-9315','hkoelpin@example.net','260 Roberta Pine Apt. 271\nRosieton, LA 73030-6497','91','user'),
('76','est','+77(3)6628705118','wunsch.cathryn@example.net','92854 Monahan Wells\nNorth Jamarport, TX 60966-1583','2','user'),
('77','commodi','397-625-3911x7052','anais63@example.org','999 Metz Divide\nNorth Idellastad, KS 28527','95','user'),
('78','sint','1-374-775-4743','saul35@example.org','331 Nicholaus Oval\nAndreannemouth, IL 15799','87','admin'),
('79','ab','1-898-168-7374x9797','klocko.noemie@example.net','6067 Yoshiko Meadow\nDorothychester, IA 09561-3704','95','admin'),
('80','sequi','(408)838-8818','dickens.peyton@example.org','9872 Cartwright Camp Apt. 559\nZoefort, ID 85330-0758','56','user'),
('81','quia','(456)810-0520x44118','jkeebler@example.org','575 Auer Mills\nNorth Mac, AZ 75831-1509','41','admin'),
('82','consectetur','+47(1)3076383011','tbecker@example.org','8526 Aubree Summit\nDareville, NH 07386-3230','59','admin'),
('83','voluptatem','179.418.0022x00360','koss.tillman@example.com','105 Kuvalis Hill\nLake Damianland, VT 82133-2658','15','admin'),
('84','ut','257-856-9069','zmitchell@example.net','732 Noelia Crossroad\nPort Chelsey, MO 29399','13','admin'),
('85','earum','03160032947','providenci.deckow@example.org','61446 Hodkiewicz Loop Suite 733\nNorth Santosport, MD 39198','29','admin'),
('86','perferendis','06554234366','toy.missouri@example.net','60010 Alanis Park\nLake Karina, MS 22171','20','admin'),
('87','eius','08002138045','earlene.nienow@example.net','5080 Huels Road\nNew Anabelle, KY 30426-1182','92','admin'),
('88','assumenda','321.168.0037x29116','rleannon@example.com','710 Armstrong Turnpike Suite 740\nSydnihaven, GA 89741','90','user'),
('89','aliquid','382.151.4102x909','myrtle.douglas@example.net','96625 Aidan Harbors Apt. 281\nNorth Hertha, DE 18269','34','user'),
('90','error','1-422-764-2727','glover.amira@example.net','52480 Zelda Avenue\nWest Abigalefurt, IL 89185-4589','72','admin'),
('91','iste','+13(4)8419306427','lonny94@example.com','7081 Gerlach Village\nPort Quinn, KS 35290','19','user'),
('92','aperiam','996-004-7366','gbrown@example.net','087 Weissnat Turnpike\nMarlenview, VA 17251-8013','20','user'),
('93','quos','1-760-749-2261x6311','hermann.sage@example.net','7392 Brandt Forest Suite 641\nLeuschketown, OH 28935','20','user'),
('94','dignissimos','(160)092-5775x382','pouros.connor@example.com','68949 Larson Terrace Apt. 844\nEleanoramouth, RI 22423','37','user'),
('95','doloremque','439-283-5283x27072','buckridge.lacy@example.org','19957 Charley Ridges Suite 136\nNew Leonie, ID 41673-3774','63','admin'),
('96','et','1-069-949-3468','zprosacco@example.com','341 Smitham Spring Suite 072\nBlickmouth, GA 34234-1856','13','user'),
('97','ea','+50(8)0614117392','abdiel60@example.org','59061 Finn Lake Apt. 213\nLake Stephaniestad, MO 84595-5217','4','admin'),
('98','eum','834.856.9241x44782','tprosacco@example.net','15981 Olson Shoals Suite 745\nNew Rocio, NM 30457','24','user'),
('99','ea','304.384.3064x026','gaston.gorczany@example.net','593 Upton Throughway Apt. 085\nPort Caesarburgh, VT 31868-4089','99','admin'),
('100','voluptatem','+75(3)7306796496','giovanny79@example.org','83174 Cartwright Coves\nEast Jayson, SD 18740','84','user'),
('101','quod','491-219-9700x01490','hudson.judson@example.net','17783 Lindgren Meadow Suite 242\nJovaniton, OK 26948','50','admin'),
('102','provident','05650479397','fschiller@example.net','56720 Boyle Coves Suite 766\nWest Ashleyhaven, TX 56193','17','user'),
('103','corporis','609.379.4795x5538','patsy.schmitt@example.net','185 Hahn Flats\nWest Retha, ID 55679','91','admin'),
('104','reprehenderit','974-998-7126x14112','aschultz@example.com','41131 Lind Circle\nNew Kobeberg, HI 72301-3308','50','user'),
('105','suscipit','434-973-5989','joseph06@example.com','30634 Kale Club Suite 097\nPort Leefort, AL 49138','3','user'),
('106','velit','521-838-8772x757','izemlak@example.com','9893 Green Forge Apt. 192\nBerryside, MO 62080-4959','82','user'),
('107','voluptatibus','1-990-637-5489x219','annabelle36@example.com','57574 Runolfsson Orchard\nLake Abbie, NE 33555-6421','51','admin'),
('108','perferendis','(864)876-3674','ahuels@example.com','62571 Pedro Common\nPort Margarettaberg, MA 08198-8168','97','admin'),
('109','sit','(924)257-5066x1047','rjast@example.com','42212 Cary Circles Apt. 899\nSouth Magalitown, SC 26613','68','admin'),
('110','soluta','(906)451-4642x62122','heather93@example.org','26890 Howell Inlet\nSebastianfurt, NE 68036-6516','45','user'),
('111','dolores','(234)906-9644','myrna.bahringer@example.com','27137 Balistreri Freeway\nKuvalismouth, VT 16009-8777','52','admin'),
('112','sint','02655294026','pwyman@example.org','98218 Palma Loop\nEast Dashawn, MN 31250-3134','8','admin'),
('113','magni','(144)538-3324','lexie39@example.com','17983 Harris Ramp\nGleasonport, WA 24390-4576','4','user'),
('114','minima','04677349579','tthiel@example.com','483 Flavio Underpass Suite 700\nNorth Jonathon, DE 18806-5161','67','user'),
('115','laudantium','1-125-537-6946x2514','pbergnaum@example.net','97806 Nienow Circles Suite 107\nKoleborough, PA 35813-4477','21','admin'),
('116','qui','+70(2)1876211064','fcarroll@example.com','06565 Hudson Pass\nLake Cecilport, NH 46028','33','admin'),
('117','quia','+07(4)6970522355','kassulke.godfrey@example.org','871 Mertz Key Suite 374\nLake Olin, VA 21697-1231','86','user'),
('118','provident','00664679042','ines17@example.net','29810 Denesik Spring\nAlbinafurt, CT 87020-4561','13','user'),
('119','provident','1-049-505-9421','laron.konopelski@example.net','78659 Metz Route\nSouth Isaiasstad, LA 03102','22','user'),
('120','molestias','+42(6)8494499657','juliet.jones@example.net','14310 Mertz Overpass\nPort Dereck, TN 86304-1309','20','user'),
('121','quis','859-271-7127x81180','yost.renee@example.org','00358 Kautzer Stream Suite 340\nBrennashire, IN 60179-7011','84','user'),
('122','perferendis','854.938.1287x90259','kurt.kling@example.net','9252 Marion Rue Suite 436\nWest Aylin, FL 66718','41','admin'),
('123','quisquam','600-031-3256x599','terry.collin@example.org','863 Heaney Road\nCleoraland, IN 72229-2421','39','admin'),
('124','voluptatem','1-233-071-7787','marina.bruen@example.org','4840 Haskell Cove\nWatsicaberg, FL 97134','4','admin'),
('125','aut','372-605-3358x6142','douglas65@example.net','15226 Considine Turnpike Suite 089\nNorth Vestafurt, MS 14492-8339','77','user'),
('126','velit','+97(6)8664601763','claudine.johnson@example.net','5964 Skyla Orchard\nLake Sally, IN 81112-7849','1','user'),
('127','consectetur','391-851-8681','stark.lonie@example.com','628 Spencer Knoll Suite 955\nHilariostad, TX 04195-9724','17','admin'),
('128','voluptas','(992)693-0659x1920','collins.nadia@example.com','2831 Joey Common\nWilkinsonborough, RI 41465','81','admin'),
('129','et','167-194-2380x0793','ryan.russel@example.net','469 Kunze Track Suite 858\nNorth Nina, OH 59071','25','user'),
('130','iste','1-565-640-1344x71270','araceli.mayer@example.com','5819 Marcellus Junction Apt. 526\nKhalidstad, MN 73755-6298','15','user'),
('131','ipsam','1-908-609-0890x66813','deron.wuckert@example.net','0618 Gislason Terrace Suite 944\nBraunview, UT 98925','65','admin'),
('132','enim','802.698.1246x0093','murray.champlin@example.net','9005 Cormier Stream Suite 227\nRosellafort, UT 82958','75','admin'),
('133','hic','(337)792-0040x345','xwilderman@example.com','1348 Johns Underpass\nDietrichview, KS 66194','31','user'),
('134','dicta','1-710-830-8299x138','karli.block@example.org','752 Aletha Vista Apt. 489\nWest Wyman, IN 65096','55','admin'),
('135','nam','1-752-874-0401x513','mwisozk@example.com','33777 Baumbach Ferry Suite 059\nLake Russell, CT 53787','24','admin'),
('136','quo','677.217.4685x3960','schaden.shany@example.org','1778 Haylee Hill Apt. 660\nKundefurt, WI 29344','33','admin'),
('137','natus','833-083-7574x377','eliza53@example.com','103 Swaniawski Locks Apt. 381\nEast Liam, KY 22113','36','user'),
('138','aut','313-077-9664x4861','nils.swift@example.org','92899 Waldo Plains Suite 043\nRussstad, VT 10398','75','admin'),
('139','architecto','1-579-740-3996x08756','glenna.kassulke@example.org','7481 Timothy Views\nSaraiport, WY 87866-1655','30','admin'),
('140','rerum','(489)591-1105','marianna03@example.com','300 Mireya Street\nWest River, OK 51522','4','admin'),
('141','consequuntur','1-595-897-3646','vkemmer@example.org','792 Quinton Lakes Apt. 693\nCartershire, SD 88116','20','user'),
('142','sint','236-329-0564x118','tina02@example.org','0813 Dillan Harbor\nLake Evelynstad, OH 79226','82','admin'),
('143','asperiores','02653334515','uwisoky@example.org','4421 Olson Springs Apt. 887\nNorth Christinahaven, CO 11040','12','user'),
('144','consequuntur','+41(0)1131900905','rickie13@example.org','99907 Towne Fords\nJarodberg, DE 14509-8775','23','admin'),
('145','omnis','124-424-7875','leta55@example.org','3797 Elvera Orchard\nEast Camylle, NV 80753','48','user'),
('146','rerum','(780)555-5894x919','marcelle95@example.net','1218 Gonzalo Lights\nZulaufport, SC 07367','32','user'),
('147','sed','(216)985-2112x435','ebert.gwen@example.net','05704 Juanita Road Apt. 914\nLake Koreyton, PA 14587-2873','56','admin'),
('148','voluptatem','04445331405','hstehr@example.net','59221 Cheyenne Trail Apt. 759\nNorth Sisterbury, SC 86196-7351','33','user'),
('149','facilis','490.337.6995x160','camron.rempel@example.com','979 Lew Canyon Suite 627\nCorkeryfort, CT 07620','44','admin'),
('150','qui','07350043598','collin.lubowitz@example.net','9504 Caden Plaza\nMaynardberg, KY 61261','78','user'),
('151','ipsam','935-718-8378','treutel.giovani@example.com','28330 Labadie Square\nDimitribury, LA 55997-2782','52','admin'),
('152','ad','1-746-092-1717x054','fkemmer@example.org','381 Schmeler Cliff\nPort King, WA 99302','28','user'),
('153','dolores','00189279033','hudson.ardella@example.com','414 Kamille Mission\nPort Garryton, CO 80886-3822','18','user'),
('154','explicabo','(335)685-2007x496','lottie35@example.com','666 Russel Ways Suite 820\nAudraland, IA 16808','91','admin'),
('155','voluptatibus','(225)323-8865','karen66@example.org','847 Hettinger Forge\nSouth Elodyfort, FL 67127','32','user'),
('156','aliquam','1-447-257-4335','ibrahim.prosacco@example.net','747 Beier Bypass\nKundechester, VT 29359-3614','95','admin'),
('157','tenetur','+90(2)1371909145','jkemmer@example.com','538 Bernier Key\nPort Ephraim, MO 88816','92','admin'),
('158','eveniet','1-058-377-9842x79266','rosemary.bogan@example.net','67694 Joany Causeway Apt. 692\nNew Sandyborough, OK 55092-7161','48','user'),
('159','laborum','179-067-5607x261','aurelie21@example.org','228 Alexzander Cliffs\nNew Lonieport, AR 90284','75','admin'),
('160','non','00138810439','gerald.kshlerin@example.org','0337 Gerhold Harbor Suite 950\nSouth Sanfordland, PA 22196-3572','17','admin'),
('161','in','521-229-8650x825','blanda.blaze@example.com','3245 Schowalter Terrace Suite 351\nZiemeville, AZ 81722','63','admin'),
('162','voluptas','576-804-8892x3689','jarret.kuvalis@example.net','686 Parisian Knoll\nTillmanborough, CA 35332','39','admin'),
('163','ullam','(152)905-0980x51387','marquise88@example.com','8595 Carolina Branch\nEast Wilma, FL 06374','91','user'),
('164','eveniet','1-052-013-8809x5648','stamm.cali@example.net','114 Wilkinson Square Apt. 957\nHalvorsonmouth, NH 21579','93','user'),
('165','et','166.186.6896','eliezer59@example.com','934 Dallas Mission Suite 703\nLake Maxime, VT 86868-6308','93','admin'),
('166','error','657-532-3403x36565','katelin.bradtke@example.net','61266 Adams Green\nNew Jacynthe, MD 05905-3483','14','user'),
('167','est','425-096-7155','jstrosin@example.net','248 Larson Trace Apt. 228\nNorth Uriahberg, KS 12331-7983','26','user'),
('168','in','998.186.7102','miller80@example.net','48928 Mayer Oval\nSouth Tristianport, TN 44064-3897','29','admin'),
('169','illo','343.336.1569x8559','kulas.laila@example.org','034 Leannon Plaza Suite 785\nWest Robbieborough, MO 06420','89','user'),
('170','voluptate','(027)319-2997','funk.gerald@example.net','1737 Rosenbaum Estates\nReichelview, SC 63042-5510','55','admin'),
('171','corrupti','+23(9)6603339579','tristian20@example.org','1963 Cali Union Apt. 477\nLake Edwinaport, OK 98128-4037','33','user'),
('172','numquam','1-976-019-8564','ghagenes@example.net','63067 Ritchie Forge\nHermanhaven, DE 74493','8','admin'),
('173','doloribus','+51(3)1601645571','tkoelpin@example.com','5315 Makenna Terrace\nWest Stephon, PA 31096-9836','36','user'),
('174','ad','1-397-264-5542x248','opouros@example.com','6472 Deckow Forges Suite 693\nSchmelermouth, NJ 54374-3244','44','user'),
('175','delectus','1-295-065-3451x24607','vena.skiles@example.com','965 Adonis Corner Suite 651\nNorth Marjorieview, MA 47462','30','user'),
('176','aspernatur','+98(2)9188657396','estefania.skiles@example.net','72147 Ross Wall\nBoscostad, WI 80323-8377','83','admin'),
('177','doloribus','663-864-5644','genevieve88@example.net','7354 Shea Manor Suite 654\nWest Georgianna, CA 49712','76','user'),
('178','error','893.132.0968x223','qo\'connell@example.net','986 Wilderman Villages\nAbdulberg, NJ 92795','86','admin'),
('179','sed','(356)851-1663','jacquelyn.brakus@example.net','99831 Mayra Plain Suite 564\nDickenstown, GA 41272','16','admin'),
('180','dolorem','398.466.9835x77116','santos.hegmann@example.org','7838 Zboncak Parks\nNorth Meaganville, MO 96486-4261','20','user'),
('181','nostrum','051-413-8143x3916','hluettgen@example.com','63406 Dicki Ways\nWest Roderick, NH 11936','63','admin'),
('182','ipsa','887-463-1739','ulises.quitzon@example.com','65211 Moore Junctions Suite 746\nMillsville, AL 70981-7079','68','user'),
('183','id','882-144-9492','vincenza.becker@example.org','993 Sabrina Crescent\nWolffshire, ID 14567','48','admin'),
('184','voluptatibus','540.344.2168x666','monahan.alfred@example.net','609 Treutel Mountain\nVincenzaland, NY 10104','80','user'),
('185','autem','049-298-4357x828','deontae20@example.org','861 Vickie Corner\nPort Eliezer, CA 07938-3120','59','user'),
('186','voluptas','691.741.3338x3771','erin14@example.com','46103 Kshlerin Shoal Apt. 564\nNew Berry, NC 70957','79','admin'),
('187','enim','1-039-558-0671','iaufderhar@example.net','606 Boehm Mall Apt. 316\nSebastianfurt, MD 28373-3026','74','admin'),
('188','doloribus','1-485-027-7135','bosco.johanna@example.net','58930 King Estate Suite 316\nBraunview, NH 87735','50','admin'),
('189','dolores','(776)743-7287x2380','urunte@example.org','88734 Paul Valley\nBrendanburgh, MS 42601','27','user'),
('190','eius','(900)089-1373x703','mario53@example.net','181 Greenholt Divide\nJaylentown, PA 56289','48','admin'),
('191','voluptas','414-917-2664','balistreri.ludie@example.net','00421 Leila Burg\nWest Marianshire, KY 34783','67','user'),
('192','neque','06772195368','gorczany.laurine@example.org','3156 Carroll Lights Apt. 443\nJoesphmouth, KS 63946','89','user'),
('193','ut','348.664.2608x7747','herzog.cierra@example.net','78342 Danyka Point Suite 894\nSouth Benjamin, TX 31939-4872','87','admin'),
('194','est','+82(3)7253886687','toney.dooley@example.org','4604 Yost Knolls\nSouth Arch, SD 52151-3682','57','user'),
('195','ea','1-887-160-7761','delta.kemmer@example.com','4759 White Hill Suite 364\nJazmynberg, TX 41095-5107','81','admin'),
('196','facilis','(838)812-3233','berniece.sanford@example.net','780 Prohaska Viaduct Apt. 171\nLake Masonstad, NH 72526','79','user'),
('197','sit','08414611921','rey.heidenreich@example.com','730 Zboncak Cape Suite 771\nSantinashire, TN 98925-3526','71','user'),
('198','est','329-556-4553x937','runolfsdottir.jaeden@example.net','621 Khalid Drives Apt. 520\nNorth Ebbashire, DE 43029','7','admin'),
('199','laboriosam','(006)340-9786','herman.kasandra@example.org','52527 Bartoletti Lodge Apt. 566\nEast Vivian, MO 42077','8','user'),
('200','consectetur','231.921.0823x76495','angeline20@example.net','84807 Lessie Neck Suite 134\nWilliamsonport, SD 69616-5058','59','admin'); 


DROP TABLE IF EXISTS `vendor_list`;
CREATE TABLE `vendor_list` (
  `id` bigint(20) unsigned NOT NULL AUTO_INCREMENT,
  `name` varchar(100) COLLATE utf8_unicode_ci DEFAULT NULL,
  `phone_number` varchar(100) COLLATE utf8_unicode_ci DEFAULT NULL,
  `email` varchar(100) COLLATE utf8_unicode_ci DEFAULT NULL,
  `address` varchar(100) COLLATE utf8_unicode_ci NOT NULL,
  `city_id` bigint(20) unsigned NOT NULL,
  PRIMARY KEY (`id`),
  KEY `city_id` (`city_id`),
  CONSTRAINT `vendor_list_ibfk_1` FOREIGN KEY (`city_id`) REFERENCES `city_list` (`id`)
) ENGINE=InnoDB AUTO_INCREMENT=101 DEFAULT CHARSET=utf8 COLLATE=utf8_unicode_ci;

INSERT INTO `vendor_list` VALUES ('1','ut','1-293-952-5442x34266','jennifer97@example.org','67870 Shanna Fork Apt. 933\nTedview, MD 43768-9056','65'),
('2','sit','1-491-055-3152x39558','ignacio.crooks@example.net','5579 Crystal Loaf Suite 255\nLake Bart, RI 80127-1787','91'),
('3','ab','1-059-011-5258x7439','teresa.nolan@example.net','3267 Cody Row Suite 947\nElinorberg, CO 02896-6237','12'),
('4','excepturi','102.386.1432x0816','ygerlach@example.net','10691 Osinski Square Apt. 137\nNew Parker, GA 21981-5729','77'),
('5','qui','453-525-0335x31708','osvaldo33@example.org','82901 Heidenreich Rapid\nWest Quintenchester, TN 53805','89'),
('6','vel','1-964-546-3630','bruce.bednar@example.net','1778 Napoleon Spring\nLake Taliastad, NY 43495','91'),
('7','nisi','(755)145-0018x11553','dbartoletti@example.com','77492 Wilson Manors\nEast Judyville, HI 91147-3272','12'),
('8','et','949-906-2706','ezekiel.fadel@example.com','2056 Tillman Mount Suite 858\nFelipeside, KS 95570','94'),
('9','voluptas','(358)946-3384x985','sosinski@example.com','4375 Evalyn Park\nDinofort, SC 38121','89'),
('10','vero','1-453-432-4391','stephon.willms@example.org','6987 Treutel Union\nBraxtonmouth, MD 04483','72'),
('11','dolores','479-535-9977x1570','bruen.vida@example.com','142 Yundt Mountains Suite 067\nBeattymouth, OR 60557','16'),
('12','est','(445)369-8084x34188','name53@example.org','855 Schaefer Cliff Apt. 122\nNew Christinestad, WA 55879-4567','32'),
('13','impedit','1-195-453-8985x9149','grice@example.com','3423 Maribel Mission Apt. 572\nWest Christina, MI 89139-8184','2'),
('14','consectetur','454-001-8953x1709','ray.carroll@example.com','09623 O\'Reilly Valleys Apt. 064\nEast Leilashire, AL 36205-8320','69'),
('15','non','515-291-4677x7538','marcelina.heaney@example.com','288 Wilmer Summit\nLuciusburgh, IA 12010-4638','70'),
('16','sed','(411)075-4912x74878','vicente.monahan@example.com','574 O\'Keefe Viaduct Apt. 790\nRunteshire, OH 64959-6384','90'),
('17','sunt','128-456-6771','dmccullough@example.com','5455 Bruen Ramp Apt. 883\nSouth Cliftonmouth, AK 36877-4801','15'),
('18','nemo','1-809-527-9629x36106','medhurst.vicente@example.net','492 Lacy Divide\nFidelville, ME 80760','52'),
('19','illum','+06(5)7904016029','eprice@example.org','338 Augustus Squares\nElainachester, MI 11579-3517','7'),
('20','dolorem','00223459632','prosacco.demetris@example.com','065 Clint Fords Apt. 524\nLake Dayanaland, OH 37197-6211','98'),
('21','quis','(566)721-7896x34352','bcrona@example.com','4518 Fritsch Parks\nBusterborough, DE 70190-5309','26'),
('22','maiores','276-866-3483x6328','erwin63@example.net','240 Keyshawn Village Apt. 028\nNew Gust, MI 89146-1556','9'),
('23','eligendi','793-366-4930x9217','terry.graham@example.org','910 Koepp Streets Suite 047\nBoyerland, SC 39943','39'),
('24','culpa','1-452-663-1176x311','lillian34@example.org','63344 Marks Land Suite 794\nBeckerchester, WA 00239','75'),
('25','laboriosam','1-875-668-5394x340','yhahn@example.org','11219 Ciara Ways\nToyborough, NJ 65548-7480','7'),
('26','enim','1-336-122-8065x804','sherman.harber@example.com','065 Watsica Inlet Apt. 116\nCalistafurt, VT 56636-5992','60'),
('27','illo','574-210-7681x5974','sigrid.heidenreich@example.com','045 Runte Stravenue Suite 955\nEstelport, MI 16151-9592','40'),
('28','ea','1-574-220-0597','josefina.witting@example.org','475 Pfeffer Center\nWest Christelle, WV 26575-6626','5'),
('29','laudantium','(370)826-7048','anastasia40@example.com','125 Jasper Shoal Suite 635\nFeestport, WV 12146','65'),
('30','itaque','+45(8)5234399456','rasheed.cassin@example.com','7840 Runolfsdottir Valley\nTyreetown, MS 10861','100'),
('31','eius','799-092-1118','haley.kendrick@example.net','146 Tamara Squares Apt. 124\nSouth Urban, KS 38250','39'),
('32','voluptates','1-559-680-0937','carol.o\'conner@example.com','285 Altenwerth Vista Suite 768\nSouth Brenda, ND 69136','29'),
('33','inventore','(180)779-2217','npagac@example.org','6676 Adella Overpass Apt. 756\nPort Juneville, KS 00644','91'),
('34','necessitatibus','314-204-3485','dolly85@example.com','582 Devyn Meadows\nGreenmouth, AL 66152','50'),
('35','soluta','294-835-8194x62908','giovanna18@example.org','935 Naomie Crossing\nBrownmouth, TX 60177-4473','5'),
('36','placeat','1-438-361-8305','wisozk.ed@example.net','3204 Cronin Haven Suite 329\nValerieside, ME 31153-1805','79'),
('37','reiciendis','(083)518-8095x0740','herta.leuschke@example.org','29132 Marcelo Ranch Suite 433\nYostfurt, RI 24024-2086','41'),
('38','ducimus','369.345.2467x2454','torrance.hammes@example.org','669 Konopelski Highway\nNew Camronview, AK 38596-8536','17'),
('39','harum','1-589-340-4573','ysporer@example.net','82010 Torrey Pine\nSouth Charlesville, SD 58230','73'),
('40','magni','946-942-1107x3386','fdach@example.net','867 Fay Rapids Apt. 804\nNew Marco, HI 01479','29'),
('41','exercitationem','(670)021-0365x92438','hjohnston@example.org','51049 Wilma River\nLake Josie, KS 29677','88'),
('42','laborum','(802)688-4011x87783','donnie.pouros@example.com','7125 Jacobi Freeway\nSchneiderbury, KS 35176','89'),
('43','autem','(349)987-1792x1747','schroeder.samson@example.net','2918 Tromp Ramp Apt. 820\nBaumbachville, DC 62049','60'),
('44','facere','991-575-8323x138','katelin81@example.net','959 Harris Roads Apt. 927\nSouth Unique, MA 69046-5510','89'),
('45','rerum','937-593-9194x45109','rjacobi@example.org','90240 Delfina Circles Suite 956\nMozelltown, SD 76949-0080','57'),
('46','aspernatur','(215)603-0155x4720','savannah12@example.org','92210 Lupe Trail\nBridgettemouth, MD 11857-6052','30'),
('47','ullam','+40(9)8565145462','kasey65@example.net','93079 Onie Garden\nWest Thereseview, AR 27837-9517','79'),
('48','nobis','07207995649','kiara83@example.com','0271 Monroe Flat\nWinifredside, NM 40409','72'),
('49','cupiditate','206.038.9489x9743','christiana29@example.com','5148 Ottis View\nAbbotttown, IA 90812','81'),
('50','sapiente','870.034.5695x3591','walsh.isabelle@example.net','27573 Johns Centers\nWest Brandynland, DE 92015','85'),
('51','ad','(682)395-8075','simonis.kaleb@example.net','993 Breitenberg Avenue\nSouth Juddmouth, HI 49965-1352','69'),
('52','architecto','02020751132','dedric.littel@example.net','594 Jedediah Loop\nOrnfurt, GA 11923-0683','7'),
('53','id','+28(7)2553888905','eleonore36@example.org','80587 Sylvester Inlet Apt. 462\nEast Mason, NE 39671-1846','94'),
('54','quia','+24(8)3766688145','lauretta33@example.net','7850 Halvorson Greens\nAndersonland, MS 64317-5018','7'),
('55','omnis','(890)782-3380x0230','domenick.rippin@example.org','0607 Kailyn Port\nBradfordberg, ID 02880','81'),
('56','perferendis','(619)955-6026x4904','porter84@example.net','628 Clint Crossing\nMadieton, NH 63623','100'),
('57','doloremque','1-881-306-6085x54808','raynor.nelda@example.org','7799 Sadie Dam Suite 267\nKinghaven, HI 72483','66'),
('58','tempore','(148)216-3077','mfay@example.org','17756 Jany Roads\nTyrelside, AL 06527-4992','20'),
('59','dicta','512.950.2743','lucy45@example.com','364 Rosalinda Lane Apt. 059\nLudwigville, VT 92648','5'),
('60','quasi','393-607-5252','akilback@example.net','4664 Rath Field\nEast Zachery, NC 16832-2380','31'),
('61','amet','298.104.1108x85146','rasheed49@example.com','10178 Kuvalis Summit Suite 482\nPort Laron, SD 37667','20'),
('62','voluptatibus','+27(4)3356722480','aisha31@example.com','657 Elmo Drives Suite 189\nJameybury, MT 03647','44'),
('63','asperiores','(962)913-1360','lind.felicita@example.com','900 Huels Garden Apt. 615\nNew Malloryberg, WI 51827-8052','59'),
('64','aut','1-891-138-6333x06566','mmitchell@example.net','1210 Kozey Oval Suite 238\nPort Lindsey, AR 42701-2024','10'),
('65','sint','899.730.9624','larson.lia@example.org','4524 Jorge Extension Suite 443\nEleanorafurt, NC 13695','94'),
('66','quo','901.215.9707','wmertz@example.net','1772 Leora Mission Suite 166\nSouth Jerrell, VA 94558-4495','64'),
('67','eos','1-409-675-5664x07671','linda06@example.com','54447 Ottis Cove Apt. 579\nNorth Bennieburgh, OH 47074','89'),
('68','suscipit','835.077.1940x4695','schulist.cristian@example.com','4266 Smith Coves Apt. 162\nVellabury, AR 32500','34'),
('69','nulla','031.686.2620x43426','dare.kian@example.org','906 Goyette Prairie Suite 340\nLake Selenaborough, SD 12715','81'),
('70','natus','1-712-820-7192','rahsaan28@example.net','335 Cecile Shore\nToyburgh, HI 34663-3505','62'),
('71','officiis','933.000.3914x4817','joseph15@example.org','31773 Precious Causeway Suite 929\nNew Elianefort, KS 26026','63'),
('72','tempora','796-376-7393x3401','terry.eleanore@example.com','855 Padberg Ville\nNew Jovany, DE 43710-1303','69'),
('73','voluptatem','+33(6)5580420183','cassidy.frami@example.com','3072 Adrianna Courts Apt. 136\nPort Declanfort, WA 07957','50'),
('74','minus','06090513675','halle.glover@example.org','6741 Doyle Manor Suite 912\nEast Rowland, NE 67855-1941','23'),
('75','optio','1-086-075-3786','muriel41@example.com','61807 Jaskolski Well\nJovaniport, DC 97080-3602','57'),
('76','pariatur','+25(9)1060479557','vivienne.schuppe@example.com','9722 Morar Port\nJamalshire, IA 69026-7516','7'),
('77','eum','242.539.7591x28398','fatima.bahringer@example.com','3187 Geo Union\nJaclynfurt, MA 47957','52'),
('78','corrupti','965-256-7542x61324','schoen.maribel@example.org','3140 Eleonore Grove\nPort Mateo, RI 98533','36'),
('79','provident','275.578.0739x0243','jakob59@example.net','3540 Homenick Lane\nBoyertown, LA 94107-0318','78'),
('80','fugiat','1-809-557-2467','marquardt.lyla@example.net','906 Moore Causeway Suite 225\nJerrodmouth, NY 88442','33'),
('81','blanditiis','(253)361-9537x8168','quitzon.oral@example.com','92639 Alexanne Burg\nGreenholthaven, FL 22702','21'),
('82','earum','09942776884','wyman.maurine@example.net','81029 Keeley Loaf Apt. 540\nNyaside, RI 70531','47'),
('83','velit','995.117.8888x19463','hegmann.curt@example.org','4720 Wuckert Stravenue Apt. 571\nLake Tyrel, MA 70642-1927','39'),
('84','reprehenderit','(587)083-2337x0518','kessler.devante@example.org','962 Haag Islands\nHuelsberg, PA 06253-2785','14'),
('85','explicabo','1-672-445-5057x4118','carmine.mohr@example.net','3521 Doyle Drive\nDickinsonhaven, GA 11656-0939','54'),
('86','deserunt','05128098945','bria.streich@example.com','594 Gleichner Junctions Suite 094\nNorth Kaitlin, AK 74576','20'),
('87','dolor','630.577.8078','junior.kilback@example.net','511 Faye Island Suite 097\nSchillerburgh, AK 55862-3089','14'),
('88','hic','483-662-9962x106','qbruen@example.org','14371 Kuhlman Unions\nWest Terrellton, SC 80572-3645','20'),
('89','similique','026-628-7318','loren.reichert@example.com','60608 Bartoletti Row\nKennybury, CA 20858-4084','39'),
('90','a','+16(3)8327057171','gay84@example.com','081 Murphy Junctions Apt. 630\nMarkshaven, KY 60438-2480','19'),
('91','commodi','(061)246-2769','tpfannerstill@example.com','246 Santiago Vista Suite 633\nNorth Carolanne, TN 08105','50'),
('92','cumque','(037)864-6870','darwin.waelchi@example.org','8831 Borer Forest Apt. 991\nLake Darrel, DC 61581','58'),
('93','mollitia','1-293-885-8353','uankunding@example.com','4200 Collins Springs Suite 296\nPort Karen, UT 68295','62'),
('94','eaque','06600244541','urowe@example.org','833 Ernser Bridge\nDavidhaven, IL 03146-5349','9'),
('95','modi','370-359-5073x8705','minerva43@example.com','746 Ratke Meadow\nEast Maximilianfort, DE 82091','68'),
('96','corporis','369-894-2207x373','vivienne83@example.org','813 Raleigh Rest\nVonRuedenberg, DE 08862-4103','55'),
('97','repudiandae','03229130990','tparisian@example.org','60501 Rippin Stravenue Apt. 680\nLake Esperanza, KY 48027','73'),
('98','deleniti','(106)307-9670x413','stiedemann.john@example.org','3906 Eliza Causeway Suite 136\nLake Bettytown, NV 82183','56'),
('99','dignissimos','982-175-3467','declan.stark@example.com','4176 Mohr Inlet\nBotsfordport, OR 90145-2768','89'),
('100','aliquid','525.489.2288','hagenes.dena@example.net','27472 Armando Station Suite 869\nHyattton, NE 18138-9004','53'); 


DROP TABLE IF EXISTS `warehouses`;
CREATE TABLE `warehouses` (
  `id` bigint(20) unsigned NOT NULL AUTO_INCREMENT,
  `city_id` bigint(20) unsigned NOT NULL,
  `phone_number` varchar(100) COLLATE utf8_unicode_ci NOT NULL,
  PRIMARY KEY (`id`),
  KEY `city_id` (`city_id`),
  CONSTRAINT `warehouses_ibfk_1` FOREIGN KEY (`city_id`) REFERENCES `city_list` (`id`)
) ENGINE=InnoDB AUTO_INCREMENT=101 DEFAULT CHARSET=utf8 COLLATE=utf8_unicode_ci;

INSERT INTO `warehouses` VALUES ('1','26','1-249-502-7790x53513'),
('2','37','007-293-8095x6721'),
('3','39','889-206-1876x5049'),
('4','73','04813822829'),
('5','15','(689)446-3385x12707'),
('6','53','545-304-0138x6242'),
('7','19','(007)667-0286x4973'),
('8','37','(016)195-0025'),
('9','34','730-474-0437'),
('10','87','1-683-431-2554x33516'),
('11','16','(068)325-8989'),
('12','86','(005)736-6997'),
('13','84','761.354.5846x84466'),
('14','96','624.787.2887x82751'),
('15','32','280.833.7699'),
('16','58','+26(7)8570347349'),
('17','51','158-254-5212'),
('18','11','394-971-9509x9455'),
('19','66','+53(2)3389862178'),
('20','4','(272)936-9505'),
('21','30','06051597558'),
('22','2','1-400-720-4907x53224'),
('23','67','1-903-238-1785'),
('24','34','1-728-086-2159x65895'),
('25','93','(409)739-0716x918'),
('26','75','+38(7)0313323463'),
('27','57','1-007-558-8514x367'),
('28','36','080-298-5320x1710'),
('29','43','827.144.9564x906'),
('30','68','04786584916'),
('31','68','(769)939-2405x552'),
('32','68','226.026.8255x65437'),
('33','5','365-779-7634x7607'),
('34','7','1-096-248-4536x102'),
('35','40','(782)527-4718x40393'),
('36','19','213-921-4236'),
('37','59','307.865.8819'),
('38','59','018.210.0991'),
('39','56','(494)371-3987'),
('40','92','(447)809-3727x74419'),
('41','46','04186112345'),
('42','71','192.954.8570'),
('43','77','933.470.4733'),
('44','29','(205)255-0509'),
('45','67','1-014-071-3454'),
('46','8','1-866-889-4832x7136'),
('47','86','501-927-2152x757'),
('48','18','+72(0)7446604429'),
('49','19','760.311.9641'),
('50','52','269.896.5984x53773'),
('51','21','1-810-465-8957x500'),
('52','48','660.662.8741x407'),
('53','53','335-378-7112'),
('54','88','+41(5)7745919603'),
('55','82','672-192-0926x4427'),
('56','45','+01(6)9283114523'),
('57','63','1-054-173-5106x934'),
('58','38','(996)691-5851x36055'),
('59','81','058.176.7512x9352'),
('60','5','474.019.0221x2662'),
('61','6','248-147-9844x4968'),
('62','49','113-072-4975x93715'),
('63','73','(398)177-0275x6447'),
('64','11','1-441-547-7063x8735'),
('65','55','02423920364'),
('66','13','245-627-1570x20338'),
('67','30','138.618.0488'),
('68','13','(416)352-7476x78164'),
('69','71','1-150-999-5520x7170'),
('70','85','1-637-541-8224'),
('71','5','379.527.1708x866'),
('72','17','367.949.1847x5638'),
('73','56','(247)367-8293x39612'),
('74','82','1-322-404-4426x78816'),
('75','45','647-231-5748'),
('76','23','532.957.0621x946'),
('77','90','(412)011-0298x74082'),
('78','31','069.586.0990x437'),
('79','40','(767)699-2852x924'),
('80','8','1-136-796-2715x331'),
('81','82','765-041-2632x89500'),
('82','61','393-673-4157'),
('83','56','055-164-6149x266'),
('84','35','1-541-544-8167x958'),
('85','48','384.054.1078x5388'),
('86','37','888-972-4169x071'),
('87','80','994.354.7827x433'),
('88','10','1-169-390-0102x8354'),
('89','75','646-894-2534x93628'),
('90','60','(468)532-8952x551'),
('91','15','276.569.9266'),
('92','81','(623)908-6223'),
('93','9','952-259-1776'),
('94','87','651.609.8891x5809'),
('95','91','790-785-4775x07880'),
('96','64','741-844-9078x68369'),
('97','99','054-195-0973'),
('98','20','442-091-0875'),
('99','77','462-749-9614'),
('100','70','433-909-3604'); 
